id,commentCount,dislikeCount,hiddenSubscriberCount,likeCount,subscriberCount,videoCount,viewCount
UCDcJNxWQA-GZGkPVleBMyXA,15,,false,,13461,350,874794
UCXGxtu_vJ70OEtyyMilp8Tg,35,,false,,6804,318,694130
UCUgk4nAoKg7yeARuc-Atypw,0,,false,,8110,55,826743
UCf7l8nKFqlnXsEKnozrEpjw,0,,false,,13992,376,1089018
UCbjD_kDAzD72iFZR5bbwUnw,0,,false,,2992,72,242489
UCCAqOZdkmfHglaSegbgUmaQ,0,,false,,6841,229,668692
UCtuxf3iNBuOagYEriQU4jSA,0,,false,,2148,81,90641
UCHJuQZuzapBh-CuhRYxIZrg,0,,false,,91723,3083,56511521
UCVmj0lph3HshweIdYRMbR2A,2,,false,,28443,172,1573249
UCM8J7Nte40r2iCsQtWCHpnw,2,,false,,794,27,50319
,,,,,,,
,,,,,,,
,,,,,,,
,,,,,,,
,,,,,,,
,,,,,,,
,,,,,,,
,,,,,,,
,,,,,,,
,,,,,,,
ukzvCOiNEl0,0,0,,11,,,180
67CBkUJRKIQ,7,1,,11,,,124
oU5hxrnm6LA,38,10,,103,,,4930
vtrZjHZz6VU,8,1,,29,,,396
fCH42eWomIg,75,10,,102,,,2017
lFVOAfEgXqA,16,0,,74,,,943
xlpRwVJXMpk,59,2,,124,,,1604
hO6MQYGkxPw,36,1,,116,,,2792
bSeHuOrAPlE,9,0,,18,,,165
79KpWjL3T7M,4,0,,48,,,583
UCldfgbzNILYZA4dmDt4Cd6A,144,,false,,446742,9042,273743893
UCyRdGzPQvaM1_kbkG_lmPcA,0,,false,,2444,23,73778
UCIXgNXLLv5i8Vs3IvzkGO9Q,0,,false,,46154,139,3543908
UCpyW-wMHeVPeF96LbCx0Wxg,0,,false,,1384,223,345930
UCIajto4hxDSFXzEZTp2TWGQ,0,,false,,74,70,10892
UCrJC_Rhh56YpfY-W1vaAopQ,0,,false,,1085,36,281783
UCED4OsJU2U1VzreAKWib-Rg,0,,false,,249,285,135248
UCSodBzhlMBMpmsM8USqp2pg,0,,false,,13,1,187
UCPk3orNc1nmPMowSLWHamvg,0,,false,,145,23,14809
UCBV3iylECUCCa720k55aQRA,0,,false,,8,9,817
,,,,,,,
,,,,,,,
,,,,,,,
,,,,,,,
,,,,,,,
15Bp1vth9eg,0,0,,5,,,187
,,,,,,,
,,,,,,,
,,,,,,,
,,,,,,,
aetZv1giJvE,0,0,,0,,,7
ZsAf1yESSkw,1,0,,12,,,278
JSHraMIqhA0,1,0,,4,,,55
p_Ut1hUKZ_Q,4,0,,2,,,11
Q3K7fBTwrL0,0,0,,2,,,18
,,,,,,,
QTKTir-HIpg,43,24,,315,,,5941
gBh8jL7ARJ0,9,0,,11,,,2065
_oz0YcHKWJY,0,0,,1,,,9
Sh5HX389YDI,740,34,,1467,,,22403
UCyVxsIDy6N2cpXiMScqecmw,0,,false,,14176,70,2303789
UCVeLO36-fnfoRDsqZtmkXEw,2,,false,,435,190,176762
UCAlfeUQBAi3zhRUS5JrRaAQ,195,,false,,91988,155,59785270
UCA4zt1lN7jUIXQ9HTOx_Azg,2,,false,,4166,69,786529
UCn88YiAaOw8ZeMALKs1Ov8w,0,,true,,0,354,8430600
UCI4obcgCW4WWMtuiGr3yQVQ,121,,false,,6967,218,1620522
UChwynTHI9d3omFf0m542V_w,24,,false,,93,141,16618
UCAobN3-KryDM5PFX5P5yIOw,0,,false,,1774,111,79851
UCDDmSfu3mRu6JvJpPR6oNow,0,,false,,1,3,242
UCx06npnsIHoJsvCDVActPXg,0,,false,,1302,420,1539490
,,,,,,,
,,,,,,,
,,,,,,,
,,,,,,,
,,,,,,,
,,,,,,,
KeNkB5-AXsc,0,0,,2,,,244
,,,,,,,
,,,,,,,
,,,,,,,
,,,,,,,
6TnwUf61-OM,13,36,,21,,,414493
AOW8R18KBOM,0,3,,7,,,8349
gKosyiSXDwM,4,5,,39,,,896
5xGRiGMZypI,1,1,,4,,,90
DQeW-iysfX8,42,1,,106,,,1769
PuwwcVaYDJQ,0,0,,2,,,20
h4Yc6IwXt4U,0,0,,2,,,25
t07J_0-sl8E,6,0,,5,,,152
KpJVFWIP6Nc,0,0,,0,,,36
UCfPhyExfcaqJBKc3HO3cNBw,261,,false,,1624224,3719,1178600660
UC1STjuGMAzbdmv0YRyAkl1w,0,,false,,5484,61,367716
UCtk95ovBZbBKYfxIg8RQCSw,129,,false,,314826,352,37181706
UCpLT_6_1ssZzhYPewAlk8Hg,0,,false,,1797,44,85268
UCZblNdFGEoSx9qW9V96t39w,0,,true,,0,240,1218115
UCLkWYVKO-gPqAa2xhz4PTLg,0,,false,,965,797,542551
UCYOWtfCNpen_eJ1_kouupQg,0,,false,,141,75,11911
UC_RXavjJFnqrHPnZkX_0R3Q,73,,false,,176,7,6389
UCtR5lJrLgVtiJdL0WB_VfAg,0,,false,,777,75,31986
UCmW6hn9XhhrGjxvlYWI-puQ,0,,false,,402,88,49816
,,,,,,,
,,,,,,,
,,,,,,,
,,,,,,,
,,,,,,,
,,,,,,,
,,,,,,,
,,,,,,,
1D2LjduKtxs,1,0,,5,,,38
,,,,,,,
,,,,,,,
GWjJ-tGyAwY,10,0,,31,,,328
WsKKP4MPxrA,14,8,,205,,,4481
ADgJ8dk5yfk,15,242,,4314,,,142482
S-cAUihKepM,40,,,,,,806
wAgBxZiZE68,40,10,,451,,,7834
VhvrO_no-Mk,0,0,,0,,,22
bp13OPvzX80,2,0,,2,,,16
6kpmL2FL0bw,10,0,,5,,,82
4MwcMyvJzCc,22,3,,95,,,2012
UC9k-yiEpRHMNVOnOi_aQK8w,0,,false,,721780,7210,1032639360
UChNN7VBxPTiNrqjUaQd9bxA,1,,false,,451297,431,34365015
UCfHRX7ihY8WnSV53NnpKOvQ,423,,false,,151814,7712,308495373
UCBA15-oeArLqwZ7Wceyk7hw,231,,false,,192628,1530,44113594
UC41xJSNY2xCPC4-gOsRcDcg,0,,false,,14483,24935,31561087
UC3AHM3kz0QLvKFbM-TfFiGw,0,,false,,12,2,40490
UCkChY0eiuiKXb57o80eaNUg,0,,false,,5704,481,378308
UCGfUonofUdHwdrxHuBjQqTw,0,,false,,77,15,7935
UC_e_EbT04t8k4Y2kJl8mOUQ,0,,false,,2358,35,163831
UCfHiHPEj7W4_l-EOsRMi88g,0,,false,,72,104,7535
,,,,,,,
,,,,,,,
2frEhHtdtNA,0,0,,0,,,15
,,,,,,,
,,,,,,,
,,,,,,,
,,,,,,,
,,,,,,,
,,,,,,,
,,,,,,,
,,,,,,,
bniNwVgTOI4,15,1,,26,,,573
l1037nb6pps,2,4,,17,,,396
vbIuyRf3aOY,31,20,,67,,,696
f4GaZWeeVF8,545,31,,2823,,,38599
lIF2HXLHims,205,54,,735,,,7092
Cd73o4glqWI,0,0,,0,,,15
zm399sy1sLI,9,0,,9,,,96
4sflKxWl4qo,82,0,,95,,,1066
H4MKn7HtFC8,0,0,,3,,,51
UC5XiGlFSFO1TrI1weEpoxXw,0,,false,,203192,152,12706156
UCrJPlsxnLHzDqmrPeK6qCOQ,2,,false,,130903,895,16727413
UCDLOJt3hLfv3vOu9msSKvBw,0,,false,,2366,576,665263
UCg4_mz4z3vWrPClLXK9Fnnw,462,,false,,46497,592,4523615
UCMd0SLqvEcCjwu5XY6d8X5w,0,,false,,12389,346,1120541
UCQWy33JxT07WWPdGBIuToPw,2156,,false,,562883,470,41559697
UCGDm6cICIVhqYDB2KhqAk0g,0,,false,,907,93,81770
UCpDNyfs-9uoM2b_a7P09ilw,0,,false,,83691,409,26422312
UC2mqN7J0jGVynFWAavfrUPQ,0,,false,,69,13,8300
UCG1zqQfAtGSfFIHDV7SnB8A,0,,false,,746,18,15086
,,,,,,,
,,,,,,,
,,,,,,,
,,,,,,,
,,,,,,,
,,,,,,,
,,,,,,,
,,,,,,,
,,,,,,,
tXnRkCZZScU,0,0,,1,,,47
,,,,,,,
fEbGb0zghSc,0,0,,2,,,91
9alEOA6F6gw,3,0,,36,,,364
jL_mpriA3tw,61,7,,370,,,6186
YlHnP-eIGKY,319,28,,1546,,,19469
KCUwQ_0dQVA,73,,,,,,12695
XMg-6Wzof1Y,727,28,,3302,,,38147
usP3o_NKNeY,3,1,,17,,,100
WVw0l95BRks,56,5,,338,,,4119
sJATSxte8BU,29,1,,69,,,1402
UCbIJwYmxgwLIe_H8uC3n76A,397,,false,,84912,233,12702292
UCay_OLhWtf9iklq8zg_or0g,58,,false,,7402963,2940,6435154583
UC8g46T-dhFAqygXNf3Rf6Ig,0,,false,,64348,191,6569754
UCq3KYK2oc-4YRyKQPxIvGKw,0,,false,,25047,156,1631630
UC0k1MQ0YVNaKn9-rf73YP8g,0,,false,,279,19,29832
UC7d2u4nyAXnfwmMItQdjJaw,0,,false,,7597,205,481828
UC2dvD8iOG42mJepe07uXnCg,5,,false,,869,46,42620
UC8TKMkVfBzpAb9zeApt5qvw,0,,false,,245,4,7161
UCXVb852ylXZksCJfgMRAzQw,1,,false,,1062,98,1641524
,,,,,,,
,,,,,,,
UCwrkQRo0zZXd01udjEQQwVg,2,,false,,1409,106,75035
,,,,,,,
,,,,,,,
,,,,,,,
,,,,,,,
,,,,,,,
e3DSRrHKP-I,0,0,,3,,,144
,,,,,,,
O0Jf3nXOW44,0,0,,4,,,52
,,,,,,,
OUUKQT13SWA,850,1528,,6799,,,166861
,,,,,,,
95EGlJ6Hi80,46,1,,154,,,4115
7dg5LD4blU8,25,3,,306,,,7612
prW9ikv0TnA,134,74,,222,,,2276
DEH8yewDk5g,0,0,,3,,,147
gO0Smbaey-Y,52,7,,397,,,6684
f1CnqcfHdRg,0,,,,,,16
fj-L_QoIVeM,12,0,,13,,,299
UCV1b53MrUe9sHAu681cAM4A,2,,false,,21774,310,1616139
UCU04f8ZKNFH9Y7fVOmq4bUQ,5,,false,,1541,1323,291131
UC-kkb6eXJsxiSxP8OXy8FMw,1,,false,,292,34,21344
UCugALfkkLM_nwxBFx1Lzt8w,1,,false,,140559,64,11697736
UCZ7WUUwBT5zVduedekdFbTQ,0,,false,,1256,54,413346
UCLLycaKlMv_eRIzz7Xrt87Q,0,,false,,302,244,72129
UCm4rprb_tYXp1JC9gJE1dvA,0,,false,,22,3,1389
UCRwpSR7j3yjuUFIgVIErVOA,0,,false,,363,42,16064
UCNmp2F7imcb4SGC3x0pjnWA,0,,false,,13744,198,1147759
UCrrC3jR5IxdiwA2ZJFnn-tA,0,,false,,81,29,8780
,,,,,,,
,,,,,,,
,,,,,,,
,,,,,,,
,,,,,,,
,,,,,,,
,,,,,,,
,,,,,,,
Wy-kX2r5OdI,1,0,,5,,,166
,,,,,,,
,,,,,,,
zxPsphwqRVw,0,0,,5,,,47
TfuaDG4WxIU,2,1,,7,,,115
rHx1iySilH0,18,0,,15,,,96
YxFLHmN_jcI,0,0,,1,,,21
e8pGxsfbSDk,21,0,,93,,,727
qhUEVBz0N_w,0,0,,0,,,358
BLJlWkKKKRg,247,42,,2302,,,54115
25wavE7vLwI,0,0,,0,,,309
mA37oG_aS-8,47,2,,275,,,2528
UCk3Wk87KGH_C4BpSLYOT3xQ,0,,false,,23052,89,2039532
UC1sb-8607_3Qc_JLeIssPzA,0,,false,,249578,493,382371856
UC_TmqZk7bYEWin22uHGRT9w,0,,false,,37,38,60150
UCiup8cqgyB5CUEZdzb8H8Zg,0,,false,,80378,268,7383569
UCgNC_CHxm8ItOw_tKgfTD2w,2,,false,,5553,584,626031
UCJFrE9hunRlTTi9EOlJzBwA,0,,false,,169454,675,69785544
UCEjBWzcw_3h8rnGsMyFfcEQ,7,,false,,432835,478,34008431
UCWWj_x-_hpZSxJ1Buq9T6OQ,0,,false,,3816,132,2233909
UCsIs1OTRtvyQ_A1UvU7xorA,0,,false,,392,20,16627
UCr8hkmgBQVnM3sla0I6Lm-Q,0,,false,,241,4,62941
,,,,,,,
,,,,,,,
,,,,,,,
,,,,,,,
,,,,,,,
,,,,,,,
,,,,,,,
,,,,,,,
,,,,,,,
,,,,,,,
ie_l3H_tHmA,82,15,,412,,,56784
o1dwrujJ9Vs,1,0,,1,,,1
JIhLy7A55b0,2,0,,10,,,49
YcBf8WMwEHk,51,18,,199,,,98114
JS60qyA1Kws,203,19,,937,,,13646
VUP1tA-kujI,5,6,,113,,,16802
I6j9n7FJag0,161,39,,619,,,36873
z8w3gImcf3E,1,1,,19,,,303
Ubkt6ebn0jw,33,0,,114,,,3661
iQ3E9L9zTz0,444,15,,2522,,,30463
UCd9u-g7Bmb9RIrdvp_kukZw,0,,false,,77971,100,2677514
UCsQES1tC1oKZdf4qeX6c7UQ,16,,false,,3979,466,649678
UCVbLheiXzq-bUXuExtOap5w,3231,,false,,92666,694,17979480
UCyjUQ0CzxlPxWE59CNcitNQ,1,,false,,120375,198,13503292
UC42vDk_yC7XFxX2t8YMUuNw,0,,false,,3516,27,130192
UCOPD5n4kWf1539Pr3mWakTQ,0,,false,,172,79,4535
UCBc24wiJL0RA-5COGEoYVKw,4,,false,,11951,268,1646784
UCTY5MkEYOC1dJUkFH1UxxiA,0,,false,,11981,183,911345
UCTo20FZFG6bXoLEtfx0LguA,0,,false,,3927,23,267256
UCUHs_DhSrKKAdmJ-xuTESlg,0,,false,,237,92,17324
,,,,,,,
,,,,,,,
,,,,,,,
,,,,,,,
,,,,,,,
,,,,,,,
,,,,,,,
,,,,,,,
XZjjT_irGVw,214,5,,672,,,4125
,,,,,,,
W8htNj7_XBc,63,24,,489,,,10919
wpfPBjFt5mg,132,40,,680,,,35633
,,,,,,,
Zbd2pevY7D0,60,0,,42,,,695
VQVty8Avy2Y,44,1,,201,,,2033
L-S5qPW3vb4,2,0,,1,,,49
l26RkGYYADU,8,0,,5,,,52
dcYra1Nc2gQ,2,0,,11,,,297
X38A8kOtjGM,39,2,,83,,,933
BaU127ngiGk,0,0,,3,,,21
UC1wDEXPpf8jEUb1qirOwMqw,0,,false,,5334,536,620454
UCfAEEhKikW1676DCa_0OWLA,1644,,false,,2592291,388,167982300
UC7VpPkn5Ltpigpyiyz3j3Ag,0,,false,,18304,132,12817318
UC1AWSR85lMh68j7u_Ukzwcw,27,,false,,20301,484,2307485
UCDc2GSW7mqC652FZ2GQDXfw,0,,false,,12680,429,1451495
UCmUN98JbXJBl7qnTVsAhxpA,0,,false,,472,255,63678
UCC848-UHo_qJoyKiKnKnMyA,0,,false,,86,450,75054
UC9lmRo3BFtTp4pHaeHj_HKQ,0,,false,,34,19,5557
UCv2ghrIQA0P27GxAIXm9-3Q,45,,false,,650,97,50118
,,,,,,,
,,,,,,,
,,,,,,,
,,,,,,,
UCjLrJS6wV_W0f27bnKHPv1g,1,,false,,19,53,8305
,,,,,,,
,,,,,,,
,,,,,,,
,,,,,,,
f0kun8kIZ8s,0,0,,1,,,24
,,,,,,,
VilTUYt5N8Q,131,293,,974,,,1079824
,,,,,,,
n_41C6xV_pc,2370,185,,13956,,,301700
DQXu57hFUkw,12,1,,95,,,1940
1vkFOPCHfSE,33,2,,77,,,835
Hw1DIpMTwOE,28,4,,117,,,1134
53lOAnTryn4,4,0,,3,,,39
pPkx-UAT_h0,0,0,,0,,,5
sgHUZi-m8qY,0,0,,0,,,23
elYdtJ_C7yE,13,0,,13,,,223
UCGBX3eyh43N7i6rd26uuAJw,0,,false,,2922,70,294305
UCJnpF9oROFPvd7wWbPUDdGA,2,,false,,36119,56087,98743707
UCfJMZurc8OymhKWW22cq_VQ,0,,false,,614,94,84424
UChB8bUjn0O6rQEKARo-P42Q,0,,false,,299,55,7046
UCsUj_0NbWIUCgU-cPnxbAyA,43,,false,,75128,103,2280185
UCBy2Cc6zB55O3a6WlfXZmgw,0,,false,,1696,573,221814
UCr43SYetUBUFQ0D4d1KEGqg,4,,false,,246,27,17671
UCitfW-6gWRb9LwtjSwn8dLA,137,,false,,2279,107,97327
UCvxCjmaMP6bWVg9BMHAHnTw,0,,false,,6024,92,292555
UCdKJle7arF59WMuhWFgp08A,0,,false,,107,18,8625
,,,,,,,
,,,,,,,
,,,,,,,
,,,,,,,
,,,,,,,
,,,,,,,
,,,,,,,
,,,,,,,
,,,,,,,
xjjBsrIp1c4,0,0,,2,,,34
,,,,,,,
AJ8AJ0wTTDQ,0,0,,1,,,49
KMilwguEUSU,2,0,,2,,,16
ANzKGdLYTHE,9,1,,31,,,693
0c7pF1IIStE,17,1,,13,,,145
9gL-LDWC4fQ,0,0,,2,,,41
k95EmZK87a8,1386,2,,1248,,,10930
OC6Ya3_BISE,8,2,,24,,,126
xnW6apk4D0o,6,1,,7,,,51
9OeSC27S05g,31,1,,81,,,441
UC1xQtWWd2HVxuH1W6Td5lJQ,0,,false,,9501,264,667974
UCcdnYuxR4EL7w5YgyvSuL5A,0,,false,,14418,101,890139
UC2QS1dw4h3Eu89rwSr7nMng,4596,,false,,585044,636,69110905
UCcjDtVz97oC5v_3pD-I7n9g,782,,true,,0,469,6529264
UCXUEPGyFKJlMBgFZdPMcOtA,0,,false,,2972,849,4085835
UCJwbizvCnlpYcpKKkmUSn2w,17,,false,,5548,423,1185978
UCnP4QvetTHlQjwAP7dLtbSg,0,,false,,363,30,9840
UCCDWYWqAed5WZRxq5AvPjLw,1,,false,,2661,19,78679
UC0-JbuiwVtBzF7n3XpPxnqw,0,,true,,0,375,250401
UCrh8vPq0SHZlI8K8rp-gXeA,0,,false,,19,7,1409
,,,,,,,
,,,,,,,
,,,,,,,
,,,,,,,
,,,,,,,
,,,,,,,
,,,,,,,
,,,,,,,
,,,,,,,
tE4CAn_wCpk,0,0,,19,,,617
KBVxUyPPVQ4,46,9,,163,,,1204
UpW7hhgZvFc,6,1,,12,,,228
,,,,,,,
TAjojovxucw,5,0,,6,,,53
sodqmBQaKdk,256,27,,544,,,8059
gJtpbqu55Qk,0,0,,0,,,1
6N0T_s0Q57I,147,3,,131,,,938
fwxADSX9SgM,13,0,,70,,,419
9I4QzxmGKWY,6,0,,15,,,221
OYwLdn7pnl8,1,1,,3,,,263
UChMrA3bCvCLMMyBAf1Xj2UA,0,,true,,0,12,1663
,,,,,,,
FuaArhOIoLo,,0,,0,,,20
SWvFzgUilLQPE,0,,false,,848,13,0
SWwg84PuMuSZQ,0,,false,,12524,311,0
SWWgs_hiVxgZk,0,,false,,324,12,0
SWvVnWIwSDRaw,0,,false,,91,55,0
SWWkHKVHSC2Hs,0,,false,,733,153,0
SWvFHB2mZp3Tw,0,,false,,552,499,0
SWwrDDmirmdQo,0,,false,,784,18,0
SWvfzW2_Eq7Lk,0,,false,,61,18,0
SWwJJsjobhckA,0,,false,,756,697,0
SWV_voJUGPnNg,0,,false,,17575,83,0
SWxh5FkVCaekc,0,,false,,5611,286,0
SWxv9FjJOgsBw,0,,false,,110,20,0
SB3H2CX5jIMSg,0,,false,,817,706,0
SWX4j8ZrLOYw8,0,,false,,1729,40,0
SB0CymbF98W2E,0,,false,,121,572,0
SB2faAUGzrxJY,0,,false,,1043,779,0
SWWTFDFOR2XVQ,0,,false,,641,18,0
SWX84whOn3Fik,0,,false,,14184,69,0
SWxH29V0bP4YM,0,,false,,630,596,0
SB47Ro0I_IJnQ,0,,false,,122,191,0
SB8FEOrnIduyM,0,,false,,168,589,0
SB0X7gO9GXPis,0,,false,,290,922,0
SWXhuC1JGwOxQ,0,,false,,784,26,0
SBAtfYtpIH9Mo,0,,false,,159,1165,0
SB98t9_0Bvvg4,0,,false,,338,394,0
SWxL-K_8zOtpI,0,,false,,90,12,0
SB1luBg42XGn4,0,,false,,13912,467,0
SWXXkihjP7KcY,0,,false,,11756,3,0
SWXj7DhT5nIz8,0,,false,,5551,1520,0
SB8O0Meod_cXk,0,,false,,625,258,0
SWxY-Q-sNdqBg,0,,false,,90105,334,0
SWy2ejmrdRkGA,0,,false,,2292,10,0
SWyAL6x9XnXas,0,,false,,286,64,0
SWyOIitqsH_Eg,0,,false,,2677,2,0
SWyjeIhDSXtQQ,0,,false,,3602,24,0
SWYevz15-BpdI,0,,false,,8,6,0
SWY9hx0kTTU6M,0,,false,,427,105,0
SWYkSSUuljAds,0,,false,,110,4,0
SWY6Oc_QC_D1M,0,,false,,640,179,0
SBKQgs5rnH_I4,0,,false,,6380,94,0
SBCElj1b_RSA8,0,,false,,68,108,0
SBlteEO-VNsDA,0,,false,,6173,229,0
SBl-q6K-iFs_0,0,,false,,26974,232,0
SBDR25qeUABPs,0,,false,,247,383,0
SBF1b9kTPFNiQ,0,,false,,16203,438,0
SBLRDg874XJh8,0,,false,,10301,1515,0
SBMRWpphns3rY,0,,false,,655,670,0
SWxZXElPBMcBY,0,,false,,6490,1533,0
SBj2Qo1UCEhq8,0,,false,,402,499,0
SBkpb2ovTTnLQ,0,,false,,5222,20452,0
SWYQdU8HP406U,0,,false,,639,16,0
SWZk2dX5DnW_c,0,,false,,16828,251,0
SWzFuYLfSjFbU,0,,false,,1572,790,0
SWy_FO9VJPFYI,0,,false,,378,58,0
SWYWyvHvVl84c,0,,false,,146,23,0
SWzFq6uskVTGo,0,,false,,1139,68,0
SWZTI7dvCrVOo,0,,false,,6312,1076,0
SWY_NN9sACOGI,0,,false,,3812,7,0
SBoO9KLUAEoEg,0,,false,,977,1234,0
SBNIumgcBkgnY,0,,false,,15545,386,0
SBT6TAJprIlkk,0,,false,,63,30,0
SBpcHF0FYOb_k,0,,false,,12493,45,0
SBop0HWOMMsic,0,,false,,1003,1540,0
SBZxaGztO4Hz8,0,,false,,898,697,0
SBTHukCqT-8eQ,0,,false,,529,157,0
SBUouEB0oPDeI,0,,false,,1385,741,0
SWzhp3DuGC1VI,0,,false,,779,14,0
SByDf5N1CinWI,0,,false,,16298,388,0
SBnZbd67wyBSU,0,,false,,21412,918,0
SWZ4XrGh-LzlA,0,,false,,819,187,0
,,,,,,,
SW_gXv1CXoeX0,0,,false,,44,10,0
SW_c3r-wUQ3qo,0,,false,,2756,481,0
SW0tZgFuuxESE,0,,false,,330,92,0
SW04xm-iyL9WU,0,,false,,8507,125,0
SW-83DN5lQ268,0,,false,,94,34,0
SW-eqExqzFC8w,0,,false,,595,72,0
SW0iDB_rPbr64,0,,false,,886,20,0
SW_6jduUaAEVY,0,,false,,49,5,0
SWzXIt_ux3AgI,0,,false,,925,54,0
SW_vDG6Qc580M,0,,false,,1591,162,0
UC---_ej-e6zrxxE2QlnOAgw,59,,false,,652,71,91500
UC--24TuGCf6g6ahaCSet1jA,0,,false,,1583,18,46451
UC--0W9cZo-c8mWvg41I2cQg,6,,false,,21526,84,7324213
SW-eO1oBbQsJY,0,,false,,35,11,0
SW-Kjqq1GeZtU,0,,false,,595,77,0
SW09BlXQ2QylM,0,,false,,9828,7,0
SW-mo2X5kJ-EE,0,,false,,69,13,0
SW-EKXtlQOwCs,0,,false,,172,43,0
UC---XwG2lLHtKe8Rd-fao6A,0,,false,,12,5,52
UC--88JLne1Sd6lFyexLm0oQ,10648,,false,,1323,83,343304
UC--4I--CXMDxjSqs7ZiDUDQ,99,,false,,1786,428,922675
UC--4-5ya3Mwfos6HSXWYCoQ,0,,false,,1810,146,111369
UC--70ql_IxJmhmqXqrkJrWQ,175,,false,,76302,96,2842264
UC--64hj3-OLVzsa1p-6c9sQ,0,,false,,49464,181,5359515
UC--7TfsWesYbuEFYf-_eEig,0,,false,,282,0,0
UC--4poe0wjcQQ3SLs7SKREw,4,,false,,98,38,3393
UC--3ozenTzry39-xMqAPQlw,43,,false,,68970,73,8802881
,,,,,,,
SW0ukoyr2GOys,0,,false,,1205,110,0
SW1sEtRQ8u_7g,0,,false,,934,415,0
SW1FyO_FERga8,0,,false,,45,68,0
SW1Vfx2rlGC5s,0,,false,,697,2123,0
SW2-uUSiFF0oo,0,,false,,1602,87,0
SW1KH6hsM2pTY,0,,false,,268,10,0
SW0U_TXOSdRFA,0,,false,,35,8,0
SW1AHvsDqGUP0,0,,false,,88,191,0
SW0X9STqdECU4,0,,false,,388,72,0
UC--6RYz-q5rq0lG8Dad8GTA,10,,false,,612,88,5402
,,,,,,,
,,,,,,,
,,,,,,,
UC--7CiHJSNkS-dk8wE_UaNA,0,,false,,484,4,1962364
,,,,,,,
,,,,,,,
,,,,,,,
etzoby9xnYQ,1,0,,3,,,22
,,,,,,,
,,,,,,,
,,,,,,,
,,,,,,,
mF0DIGTpLYA,1,1,,27,,,2825
,,,,,,,
,,,,,,,
SW4dp3SemZowU,0,,false,,4341,110,0
,,,,,,,
SW3AZFKJImPv8,0,,false,,31951,58,0
SW33SMfLIpmNA,0,,false,,516,73,0
SW3u2zKEcwYaI,0,,false,,409,56,0
SW3IbRzdv4nXo,0,,false,,708,14,0
SW2nIpSrgkrTU,0,,false,,428,14,0
IJHq-daSKRQ,30,0,,29,,,145
3Nrq23gXOgo,0,6,,11,,,2268
2so6grRmEzE,65,,,,,,2119
BPFzCWTB90A,27,0,,16,,,53
,,,,,,,
SW3RtKQOy0lLE,0,,false,,36801,113,0
SW2woL2oDfQO0,0,,false,,240,140,0
SW4j3dUjBEihY,0,,false,,804,16,0
SW3PXZ5tMur_0,0,,false,,46,36,0
T_y64JhWShA,0,1,,6,,,131
jDwxzzIS9tc,139,48,,3691,,,178115
jyYR5UGuriY,5,0,,2,,,82
rZ59agEE4Wc,135,44,,65,,,533
MJT5u_qQlvs,15,6,,89,,,2586
SW60Ada0j2WmQ,0,,false,,9,24,0
SW4kifpQtRVvk,0,,false,,8761,1263,0
SW6_i3ZN8vpq8,0,,false,,1096,30,0
SW5WN8n3u4bPs,0,,false,,1316,49,0
SW56wnMxUYWPU,0,,false,,23079,5,0
SW6bNLRUUGY7w,0,,false,,1096,1452,0
SW6F0Szea7mhU,0,,false,,910,978,0
SW78f_aD64jyA,0,,false,,20537,26,0
SW5Zny6G9taOw,0,,false,,379,12,0
2IlXs3xnZec,56,1,,322,,,2232
SW4lekyyFxbGc,0,,false,,855,131,0
4IWd89kL1H8,217,30,,2434,,,9872
SW7t3bdZ9CcVo,0,,false,,44,252,0
SW8Nq9PcQmIXo,0,,false,,643,247,0
SW7NNLXmrBPSA,0,,false,,163,51,0
SW7xupLqsx22I,0,,false,,165,4,0
SW7JXsQ5oOlyE,0,,false,,503,1198,0
SW8zakkRE8aUU,0,,false,,7284,195,0
SW8ViLbmmZbiY,0,,false,,1,3,0
SW7JU2i_tuVzA,0,,false,,469,152,0
SW8yg2vS9zdQA,0,,false,,21,20,0
SW8UJSAvWIJ1E,0,,false,,1238,205,0
SWAa75pSvjjm4,0,,false,,418,722,0
SWAhhvsGvdap0,0,,false,,1342,13,0
SW9j388pFNumY,0,,false,,59610,123,0
SWAKZh6kUAgKw,0,,false,,3645,298,0
SWA9NU8T4nM5o,0,,false,,232,8,0
UC--aogxePIY50s9T6drRjrQ,0,,false,,2518,343,649294
UC--bbkMU6z3r3wBDUINwaNQ,0,,false,,9923,70,1051045
SWaHzZo6fkq8Y,0,,false,,2530,1100,0
SWa7ROBHSoh7A,0,,false,,48588,102,0
SW9t79yWkonAo,0,,false,,8857,50,0
UC--988QUmikjFgwxLnruB_w,508,,false,,1349,327,326042
UC--bvqIpsVLPWt7EUZDIKcg,2,,false,,818,137,217149
UC--BMyA2X4a9PGAo3lTuopg,3825,,false,,881787,41,124323711
UC--aHl3t17oSNo84DvNebrw,0,,false,,1120,21,576452
UC--CmvOGjoPxZnSZ4FMzOAw,0,,false,,97,0,0
UC--bM8XLtEXJHkwZJeZcUrA,0,,false,,16,3,245
UC--daNPWeQjmMRxv6TWEBYw,0,,false,,41,0,0
UC--8hU3azW8c53Dv9pplhwg,0,,false,,232,0,0
SWajN8fuV_vqo,0,,false,,322,48,0
SWa-jYz_k61po,0,,false,,921,198,0
,,,,,,,
,,,,,,,
,,,,,,,
,,,,,,,
,,,,,,,
,,,,,,,
SWc210vktGaP8,0,,false,,678,12,0
SWbnNniBIbmRc,0,,false,,240,370,0
SWbH6n2G9X2m8,0,,false,,1487,14,0
SWASiBHswYQ7c,0,,false,,1966,136,0
SWbeBNycfE42k,0,,false,,5786,37,0
SWbkLOCBZsTqI,0,,false,,577,684,0
,,,,,,,
,,,,,,,
9AEA58rVUWw,0,2,,7,,,74
nZpGucOC20c,,,,,,,10729
SWaPQS3ABIJwg,0,,false,,22,88,0
,,,,,,,
SWbxuQcbyhFTw,0,,false,,1448,102,0
SWBcxsesty1e8,0,,false,,2540,25,0
SWaMOim1hh89E,0,,false,,96,10,0
,,,,,,,
NLEvS7vJuSw,1988,95,,11919,,,140628
SWceu4IvpmNkY,0,,false,,4800,401,0
SWC82r07vVUQk,0,,false,,2896,77,0
SWcelfTQH0p3M,0,,false,,799,6,0
SWC7-KlK4jWu0,0,,false,,15989,121,0
SWcJ8RRGfEtfM,0,,false,,28366,25,0
SWc5DjMQQaI9M,0,,false,,2231,28,0
SWCx0IhvqbUUw,0,,false,,1540,44,0
SWCx-evZx9rEs,0,,false,,6409,124,0
SWC8IFDI7U9XQ,0,,false,,834,40,0
SWCR5bbq21gB4,0,,false,,327,131,0
1Wg1v_K6Gtw,28,3,,15,,,569
AI1M5aSsmFs,15,5,,70,,,925
SWCx29QUAxC7Y,0,,false,,2637,10,0
SWdEJ-yps8-to,0,,false,,671,39,0
SWD33UVvMSjCI,0,,false,,2129,153,0
SWdb82eOzMXgY,0,,false,,109,23,0
SWcZLiaOYi6eM,0,,false,,25,5,0
SWDHn8k-IieRE,0,,false,,5515,0,0
SWddrCqvHWZhc,0,,false,,322,65,0
SWdDiMc85x2bU,0,,false,,908,755,0
SWdCPqH-X8rV0,0,,false,,2,4,0
SWczjXYx53jZ0,0,,false,,1138,19,0
EmJfesNx1lo,78,3,,16,,,186
UerTTUhAYo8,2,0,,5,,,140
SWdWQp1SG6kYQ,0,,false,,8853,225,0
SWDnwRPTxrK-I,0,,false,,989,80,0
SWdna9ZtngfWs,0,,false,,667,32,0
SWDiA-4bf1nGw,0,,false,,158560,20,0
UC--g9fxLwO9awskAao1No2A,1085,,false,,338809,52,15481079
UC--gpTdTFDxVbmqkIC2zyZw,0,,false,,363,80,622298
UC--EwQJeJ6SKlJdswehQH4g,3,,false,,13504,35,418592
SWDuRx9QGuhiU,0,,false,,307,174,0
UC--F9uvQfk_rooC98O5zFyQ,0,,false,,2842,1116,869506
UC--HyrAF6kkJnNjXHMKQXSQ,0,,false,,3275,2,347
SWefy49z4L7-M,0,,false,,31404,1111,0
SWEjkXZHqjuFE,0,,false,,57,10,0
UC--fwLM4U-Wh20IztKq06ag,0,,false,,41,18,2685
SWeV1htplM1ec,0,,false,,1452,387,0
SWdLy-GL7uAbo,0,,false,,2615,293,0
UC--dLC26k48LoT1mZJgsvyQ,0,,false,,1555,19,5714
UC--dg1LEMpipcnF9-CMfPig,0,,false,,4410,42,734457
UC--Ff3VfYYl5i9ckLql2D2g,0,,false,,8961,41,188580
SWdL4yPE429vE,0,,false,,172,80,0
,,,,,,,
,,,,,,,
,,,,,,,
UC--ESvX6ATS6Jkg8rEHZFTw,0,,false,,81,13,2872
,,,,,,,
,,,,,,,
SWfEx8nQvno_Q,0,,false,,296,6,0
SWf5A6XkD2ILg,0,,false,,490,299,0
SWfaG9vLj5TR8,0,,false,,721,12,0
SWe_Rb6Mv4F5M,0,,false,,619,41,0
SWffsamPhDnZ8,0,,false,,414,55,0
SWeV34zKqzoI0,0,,false,,663,1274,0
SWFhZiSsYESEw,0,,false,,3309,7,0
SWf5wwe4DTpXc,0,,false,,786,14,0
SWfMMQRzGHYR8,0,,false,,1878,54,0
SWfiR7KhGl9m4,0,,false,,953,14,0
,,,,,,,
,,,,,,,
bwm0yG9VVkU,22,4,,25,,,348
,,,,,,,
,,,,,,,
,,,,,,,
yGEb5wpzWgI,17,3,,33,,,135
Md9YvxJjv6A,0,,,,,,36
-1hElyJopto,14,0,,299,,,2956
xuFk2nBSH3c,423,53,,2070,,,19810
SWg8FQCHNOapo,0,,false,,990,3,0
SWfWP1SbfYKlQ,0,,false,,873,18,0
SWGbxOwzsuZOc,0,,false,,21704,1048,0
SWFUp2xq0tJO4,0,,false,,1252,273,0
SWg0wlTGk3KgU,0,,false,,1991,10,0
SWFwUabYJ5GCE,0,,false,,1293,32,0
SWfVmbvDTznxM,0,,false,,1312,85,0
SWfNPSMXdQ7kg,0,,false,,147,8,0
7kH2rrCfd0k,8,0,,4,,,47
vyOznqMlvfQ,16,5,,16,,,278
SWg4fChgjkZC4,0,,false,,991,26,0
SWg50A68ntxOo,0,,false,,36,52,0
vYRqH6twO_Y,7,0,,6,,,29
Lc-icMHjTcE,0,0,,0,,,89
YOzW9OMBpoM,23,1,,72,,,655
SWGg2fi-Gs2_Y,0,,false,,217,76,0
SWgr_4GzB3W4M,0,,false,,1293,56,0
SWgSnIh7I1Ios,0,,false,,27,105,0
SWgxIYYNOkzeI,0,,false,,749,16,0
SWGtVX2vGXGhg,0,,false,,693,14,0
SWGgH39OVp5FQ,0,,false,,3983,17,0
SWGmL1GxY71cg,0,,false,,352,452,0
SWGcIH3oa6_uM,0,,false,,4048,31,0
SWGk4uyl4QFeY,0,,false,,865,8,0
SWGtB7082TjJE,0,,false,,3563,0,0
UC--j-yuiKFQhNAUYLt3v4fA,0,,false,,183060,214,16650998
UC--mkA6XEQGTR7U9fl46_sw,0,,false,,10256,40,1862293
UC--I9wmmQvek7XGS6TSUL_A,0,,false,,176,3,1819
UC--J0Bo8miPH18y19qEphOA,0,,false,,4048,27,131563
SWhWQhv7cx9Q4,0,,false,,738,16,0
SWhfuYQZv4CCE,0,,false,,938,7,0
SWH63ZgeCBOXI,0,,false,,202,242,0
UC--LStpqAmlrPn1vSVMED3Q,0,,false,,13048,47,497858
UC--igOtApb1YUGUKE4mJ9bw,0,,false,,302,16,15857
UC--MhnmOE6LSBNcmVk7vGWQ,0,,false,,104,6,1296
UC--kLHts05i9HBuQcXDWMKA,0,,false,,1493,2,700
UC--M5OyVo7nMzXFJcg9l4fQ,3,,false,,1141,20,9414
UC--kNHC538v4PpkITB9VOmg,0,,false,,382,21,48502
,,,,,,,
SWHrFpo1Swyyc,0,,false,,69,449,0
,,,,,,,
SWhRoSlqKClAY,0,,false,,596,48,0
SWHA8AKMJna-g,0,,false,,224,0,0
SWgXwLfCBugaU,0,,false,,1657,177,0
SWhcwOnsq8jBg,0,,false,,541,54,0
SWHJKi4Yd28hI,0,,false,,66,10,0
SWhfnhwzEvpRk,0,,false,,1354,5,0
,,,,,,,
,,,,,,,
,,,,,,,
hmjhtkTcXDM,27,0,,39,,,541
,,,,,,,
,,,,,,,
,,,,,,,
,,,,,,,
SWIeidOc6rDHE,0,,false,,1090,13,0
SWIXLMUUTk8_Q,0,,false,,829,13,0
,,,,,,,
SWIYAWT7a3SdM,0,,false,,16,8,0
SWHYkQqwiDq1Y,0,,false,,725,19,0
SWISwIT2D3Rqg,0,,false,,1835,152,0
SWIWqTzgmc_k4,0,,false,,674,34,0
SWj01Z1A6MAac,0,,false,,265,8,0
SWjdF-5-crAoU,0,,false,,672,11,0
o4m6lVP8GZ0,6,2,,26,,,189
nTgEYFdpCRc,6,0,,33,,,401
gR7kn2vkZT0,5,0,,21,,,308
SWJ7re79UqSBA,0,,false,,179,18,0
hmgX-b5fVmg,346,166,,2289,,,53459
SWIjkrpMtwrv8,0,,false,,160,46,0
Ih7kkBIa0y4,110,12,,335,,,1554
AH94pLUQABs,3,2,,29,,,265
ZuYcQ6n4oZY,2,0,,7,,,98
aMwwUlMt1vQ,0,1,,9,,,599
SWJmWc5s8LzU8,0,,false,,1101,467,0
SWJELI-SY1uug,0,,false,,51,97,0
SWjPGvqtdw07Q,0,,false,,2353,122,0
SWJnIWtClBCDs,0,,false,,82634,78,0
SWjfjTOoYLW2o,0,,false,,742,103,0
yrLnD3fSaMQ,125,18,,621,,,7415
SWj_7lsgOOaM0,0,,false,,23,44,0
SWJmuLIvSDpjs,0,,false,,37,30,0
SWjTqbQSzzPxw,0,,false,,703,17,0
SWJjbw4w0NaZ0,0,,false,,535,900,0
SWjvUDtnebZd0,0,,false,,731,16,0
UC--MxpGXJ3LVD8KvlNzRlcA,9,,false,,117393,266,14306659
SWKMiYLfU-Q6k,0,,false,,159,146,0
SWKpXjuSTwjsQ,0,,false,,697,16,0
UC--oDW2jBZWpAgcKKS6jEJA,138,,false,,19035,202,11168655
UC--P41sT9WGGba6hurOImEQ,0,,false,,1898,46,152603
UC--QPZa8RCKJqSF3VQ7Vxig,0,,false,,8261,93,5090811
SWkDjgVLSTxG4,0,,false,,644,12,0
SWkjCaKTw8bYo,0,,false,,616,14,0
SWK36YLF1aNas,0,,false,,137,10,0
UC--QSYkr_4pQEpkcgWIqOJw,0,,false,,46,88,2139
SWkKwT_W0kwKY,0,,false,,3479,13,0
UC--nUbGCEUdiQqbmiXnQUEA,110,,false,,12568,2,212199
UC--NQCwTnFcXDWpNd7kXE6w,10,,false,,13969,1767,35181050
UC--qnfLJ4UquBE2hBSIWYRw,0,,false,,2119,5,14572
UC--mUWkDlk-vGE5prwSnLeQ,12,,false,,11242,72,4456219
UC--QAtnSP3B_Uv5E2cPwN1A,0,,false,,29003,109,1256557
SWj_EqrFGV57Y,0,,false,,1288,93,0
SWKihO6_cgVRY,0,,false,,316,6,0
SWkEapIxPj54w,0,,false,,985,38,0
SWKkNrg-MBMlk,0,,false,,661,15,0
,,,,,,,
,,,,,,,
,,,,,,,
,,,,,,,
,,,,,,,
SWKxMI-tJygXY,0,,false,,21907,150,0
,,,,,,,
SWL6cTQqB4Ts0,0,,false,,158,1,0
SWLdnBaIw9t7M,0,,false,,118630,114,0
SWLA-lQ3ZQw50,0,,false,,3967,3596,0
SWLWgCtxxeXgA,0,,false,,340,106,0
SWkSg2_TN2Fmk,0,,false,,913,16,0
SWlN4nEGxC_to,0,,false,,696,15,0
SWksfmT-Fy5Q0,0,,false,,4544,7,0
SWlHzYQvqd3aM,0,,false,,4304,0,0
SWlr178JxVdk8,0,,false,,48,44,0
lo9ZBQ2jrNA,50,20,,585,,,16125
,,,,,,,
,,,,,,,
,,,,,,,
,,,,,,,
F24j81er37E,55,2,,126,,,2642
SWmHAS3OxUvpY,0,,false,,1669,30,0
SWmCNKT6mcrzI,0,,false,,1025,26,0
uLkCO3gz39w,0,0,,1,,,7
MU-5nPO_CFY,26,6,,86,,,1751
SWn-p7Z3qkkCo,0,,false,,61,7,0
SWmeAjr8Kmot4,0,,false,,3336,208,0
SWM7DFULXrb6k,0,,false,,922,64,0
SWm5HLdR4KU2E,0,,false,,1625,48,0
SWlzTPcv2P6iY,0,,false,,41,61,0
SWm3Gu2Q3qoCo,0,,false,,624,16,0
vVJqi9ZCo90,26,31,,156,,,2994
SWlxNaIYnGXjU,0,,false,,1981,11,0
SWMjsmkQiF6vQ,0,,false,,810,18,0
0jUf8R9vTnc,0,2,,16,,,1802
-C-4LjbLkGQ,0,0,,2,,,56
teXwpes4P_8,18,1,,21,,,1554
xFd92VNGGwU,28,2,,362,,,17025
SWnJ4d375-ulQ,0,,false,,29,100,0
SWn7VrUgtXRxg,0,,false,,533,338,0
SWnK9w7sAA3lo,0,,false,,1150,3001,0
,,,,,,,
SWOdcllxQPKmU,0,,false,,505,78,0
SWnM6IVyro2z8,0,,false,,1203,15,0
SWnx4XCp9LYmE,0,,false,,1544,20,0
SWo5L8-s2iCKw,0,,false,,1095,22,0
SWO3L4pW7MnG0,0,,false,,1217,24,0
jRHFOFCbi8U,78,5,,656,,,25097
SWO5qwVPA2YfI,0,,false,,1307,22,0
SWOL3ZRxi_owk,0,,false,,1375,23,0
SWoKm5iKt7nsQ,0,,false,,188,892,0
SWozapa_0tbLc,0,,false,,164,26,0
SWoT48wRwOGHU,0,,false,,396,120,0
SWOIybZpYggTA,0,,false,,31709,1037,0
SWOn4bxtg3MYU,0,,false,,67,191,0
UC--SaadDxRXz729rtbQqyBA,5,,false,,29804,68,18448822
UC--sdmeKbO8zDVSUTkSSMpg,0,,false,,37068,285,1078521
UC--rUiVoLPzDT-KT4bMrnmQ,0,,false,,1477,0,0
UC--SLRg5Hy4qT4_Mgmfi6Cw,1094,,false,,73578,308,23040433
SWOK4O6xjDfkU,0,,false,,60,21,0
SWOHND-27AhTc,0,,false,,1212,46,0
SWODJTOSCtzwM,0,,false,,74,21,0
SWoeexLmvNL4E,0,,false,,135,25,0
UC--s3Ww3cYpUbjt_v1JOEcA,0,,false,,11096,80,368616
UC--r30xpCdBWr6QhTEQY4RQ,20,,false,,10336,249,388748
UC--SmoTv8WOVzlxaJ9iaWPw,0,,false,,16,5,971
UC--sCtVp-EhfxUFdYBwzuLA,53,,false,,3266,310,1662155
UC--RHDIQ-bJqIw51Y8COtoQ,0,,false,,166,7,2094
UC--sEstiDmitQkn3gQ4tVNQ,3,,false,,3902,434,224581
,,,,,,,
SWpo3QY-k6rUY,0,,false,,2721,121,0
SWpz_Po3F-cCQ,0,,false,,2167,4,0
,,,,,,,
,,,,,,,
,,,,,,,
,,,,,,,
,,,,,,,
SWPaDnlaO2fSM,0,,false,,6669,1077,0
SWPlm_M4S_Wn4,0,,false,,622,1258,0
SWPlzkAkWtlU4,0,,false,,44462,134,0
SWOzjCAENC0Nw,0,,false,,192,12,0
SWpa_ZFYFWP5Q,0,,false,,430,14,0
SWpbBpxwL6twc,0,,false,,43,32,0
,,,,,,,
_Zk2bRQ9pnw,0,0,,0,,,106
SWpAVcM19bspM,0,,false,,23,212,0
,,,,,,,
e2FwZh1idgQ,6,0,,23,,,253
,,,,,,,
SWQg9gIDdDXKs,0,,false,,443,101,0
SWQv-J63KzClQ,0,,false,,716,8,0
SWqd_ZoDi6-58,0,,false,,940,14,0
SWqSBdK4fbIYc,0,,false,,438,26,0
,,,,,,,
,,,,,,,
9bwvCdhfNLc,542,23,,4332,,,23776
1DUUloBmAWI,34,3,,247,,,2779
CjUfTqJVvGs,170,33,,783,,,16631
SWqZqWbgwkJcc,0,,false,,7646,136,0
SWqXjCOMromVs,0,,false,,34,107,0
SWqKrZOTKMhto,0,,false,,204786,49,0
SWqJGennl89Ag,0,,false,,150,18,0
SWqHp_QpGlx4U,0,,false,,4,8,0
SWqfAEMt9XrtI,0,,false,,190,6,0
z36eS7cRU1g,16,4,,31,,,1603
WjNNOQuUajI,71,11,,56,,,3627
SWsaVnnpZgfug,0,,false,,855,13,0
SWRB6x5s0RR7E,0,,false,,1825,61,0
SWRKldwsGFB-0,0,,false,,694,19,0
SWrpF2aHk1r7w,0,,false,,557,17,0
SWrqma-BnUh_g,0,,false,,1390,1080,0
SWS4Q4dtuBzqg,0,,false,,712,13,0
SWSAUMhujyOUA,0,,false,,192,69,0
SWrHc1zglhaQ4,0,,false,,1171,17,0
SWSiG23G8JnEE,0,,false,,94,12,0
sIyQX1Ha42I,95,0,,50,,,319
SWs42_6itOhXs,0,,false,,3238,59,0
0ShtREHte7o,18,0,,52,,,787
SWsY7jYSBI68c,0,,false,,2691,324,0
SWT3FVWsMQsFE,0,,false,,682,10,0
SWtHWxpPpimas,0,,false,,66156,511,0
SWsviehdSysoo,0,,false,,1670,23,0
SWT49fVebBzBE,0,,false,,1480,24,0
SWT2HFOILC-m0,0,,false,,670,19,0
SWSj1V4lsZ8z4,0,,false,,878,16,0
SWTd63ULOc9-Y,0,,false,,653,16,0
SWsrgms_qZrAQ,0,,false,,268,14,0
SWTF3GvPSUqxg,0,,false,,1113,33,0
UC--t47a7J2RHWtdQbxxxMGQ,0,,false,,1058,6,4361
UC--UtxrU7FWNCp0l7AG9EIw,0,,false,,60428,0,22727
UC--Ugzi2xqFi1AmOEOlcEjg,42,,false,,1105,119,370458
SWTUAXP638hQo,0,,false,,648,11,0
SWtrbfbi5SBaQ,0,,false,,839,620,0
SWu-VXOQ2SlmI,0,,false,,408,215,0
UC--v_yq8hWEeIliSovft75Q,0,,false,,381,76,366921
SWUdwKuVTEiZQ,0,,false,,10647,66,0
UC--wbFiVGC3lr5xKz6ZQ27w,5,,false,,43680,222,20706269
SWtL8w5u2HZ3o,0,,false,,12,8,0
UC--Wn0KWXRaChNrKChh9kYg,0,,false,,108344,11,10696275
UC--VGoBhtP5BElsIjlKh4Eg,326,,false,,3925,94,343203
UC--SnBc5AkAR-ygkiTUUoPg,0,,false,,417,99,28974
UC--tMKFSSxH4yTN7NFM1QJQ,854,,false,,257,73,37923
,,,,,,,
UC--WKpmpmX-S3rirA61Qwxg,0,,false,,227,22,13773
,,,,,,,
SWTQes62EMOs0,0,,false,,610,30,0
SWTZJTe3NWFTc,0,,false,,9109,190,0
SWUDwbhLJ0J8I,0,,false,,2445,17,0
SWTLDbLVvCVgY,0,,false,,305,16,0
SWTldv2C4TNa8,0,,false,,281,371,0
,,,,,,,
2U5BXiuuuYI,20,2,,59,,,711
SWUUbyfztJeXw,0,,false,,1755,166,0
SWuxfJ_0zLAzI,0,,false,,1132,46,0
SWuIEjuOfdi04,0,,false,,104,5,0
SWUvHdWaQi2Bc,0,,false,,51399,1212,0
SWuhRTDGGEmeU,0,,false,,39343,346,0
,,,,,,,
SWusvaf5vC7JQ,0,,false,,504,44,0
SWuRt-0qmvhv0,0,,false,,2798,332,0
,,,,,,,
SWuPBP-mUztaY,0,,false,,405,9,0
SWUqP6yNb_pMg,0,,false,,12839,20,0
,,,,,,,
JyQmJdoDPO4,569,289,,15353,,,440236
,,,,,,,
,,,,,,,
,,,,,,,
,,,,,,,
,,,,,,,
6s0_xXFPLSw,1,0,,2,,,102
RlOCSFxtUpc,0,0,,4,,,113
3PsvdeLtlZc,11,0,,13,,,323
,,,,,,,
SWvVnWIwSDRaw,0,,false,,91,55,0
SWV_voJUGPnNg,0,,false,,17575,83,0
SWWgs_hiVxgZk,0,,false,,324,12,0
SWwJJsjobhckA,0,,false,,756,697,0
SWvFzgUilLQPE,0,,false,,848,13,0
SWvFHB2mZp3Tw,0,,false,,552,499,0
SWWkHKVHSC2Hs,0,,false,,733,153,0
SB0CymbF98W2E,0,,false,,121,572,0
SB3H2CX5jIMSg,0,,false,,817,706,0
SWwg84PuMuSZQ,0,,false,,12525,311,0
SB0X7gO9GXPis,0,,false,,290,922,0
SB2faAUGzrxJY,0,,false,,1043,779,0
SB1luBg42XGn4,0,,false,,13912,467,0
SB8FEOrnIduyM,0,,false,,168,589,0
SB8O0Meod_cXk,0,,false,,625,258,0
SBAtfYtpIH9Mo,0,,false,,159,1165,0
SB98t9_0Bvvg4,0,,false,,338,394,0
SWwrDDmirmdQo,0,,false,,784,18,0
SWvfzW2_Eq7Lk,0,,false,,61,18,0
SB47Ro0I_IJnQ,0,,false,,122,191,0
SWWTFDFOR2XVQ,0,,false,,641,18,0
SWxH29V0bP4YM,0,,false,,630,596,0
SWxv9FjJOgsBw,0,,false,,110,20,0
SWxh5FkVCaekc,0,,false,,5611,286,0
SWxL-K_8zOtpI,0,,false,,90,12,0
SWXj7DhT5nIz8,0,,false,,5551,1520,0
SWXhuC1JGwOxQ,0,,false,,784,26,0
SWX84whOn3Fik,0,,false,,14184,69,0
SWXXkihjP7KcY,0,,false,,11756,3,0
SWX4j8ZrLOYw8,0,,false,,1729,40,0
SBLRDg874XJh8,0,,false,,10301,1515,0
SBF1b9kTPFNiQ,0,,false,,16203,438,0
SBkpb2ovTTnLQ,0,,false,,5222,20452,0
SBKQgs5rnH_I4,0,,false,,6380,94,0
SBl-q6K-iFs_0,0,,false,,26974,232,0
SBCElj1b_RSA8,0,,false,,68,108,0
SBj2Qo1UCEhq8,0,,false,,402,499,0
SBDR25qeUABPs,0,,false,,247,383,0
SBMRWpphns3rY,0,,false,,655,670,0
SBlteEO-VNsDA,0,,false,,6173,229,0
SWyAL6x9XnXas,0,,false,,286,64,0
SWyjeIhDSXtQQ,0,,false,,3602,24,0
SWy2ejmrdRkGA,0,,false,,2292,10,0
SWxZXElPBMcBY,0,,false,,6490,1533,0
SWxY-Q-sNdqBg,0,,false,,90105,334,0
SWYkSSUuljAds,0,,false,,110,4,0
SWyOIitqsH_Eg,0,,false,,2677,2,0
SWY9hx0kTTU6M,0,,false,,427,105,0
SWYevz15-BpdI,0,,false,,8,6,0
SWY6Oc_QC_D1M,0,,false,,640,179,0
SBUouEB0oPDeI,0,,false,,1385,741,0
SBnZbd67wyBSU,0,,false,,21412,918,0
SBT6TAJprIlkk,0,,false,,63,30,0
SBTHukCqT-8eQ,0,,false,,529,157,0
SBZxaGztO4Hz8,0,,false,,898,697,0
SByDf5N1CinWI,0,,false,,16298,388,0
SBNIumgcBkgnY,0,,false,,15545,386,0
SBoO9KLUAEoEg,0,,false,,977,1234,0
SBpcHF0FYOb_k,0,,false,,12493,45,0
SBop0HWOMMsic,0,,false,,1003,1540,0
SWYQdU8HP406U,0,,false,,639,16,0
SWZk2dX5DnW_c,0,,false,,16828,251,0
SWzFq6uskVTGo,0,,false,,1139,68,0
SWZ4XrGh-LzlA,0,,false,,819,187,0
SWY_NN9sACOGI,0,,false,,3812,7,0
SWYWyvHvVl84c,0,,false,,146,23,0
SWy_FO9VJPFYI,0,,false,,378,58,0
SWZTI7dvCrVOo,0,,false,,6312,1076,0
SWzhp3DuGC1VI,0,,false,,779,14,0
SWzFuYLfSjFbU,0,,false,,1572,790,0
SW-mo2X5kJ-EE,0,,false,,69,13,0
SW0tZgFuuxESE,0,,false,,330,92,0
SW-83DN5lQ268,0,,false,,94,34,0
SW09BlXQ2QylM,0,,false,,9828,7,0
SW-EKXtlQOwCs,0,,false,,172,43,0
SW04xm-iyL9WU,0,,false,,8507,125,0
SW0iDB_rPbr64,0,,false,,886,20,0
SW-eqExqzFC8w,0,,false,,595,72,0
SW-eO1oBbQsJY,0,,false,,35,11,0
SW-Kjqq1GeZtU,0,,false,,595,77,0
UC---XwG2lLHtKe8Rd-fao6A,0,,false,,12,5,52
SW_6jduUaAEVY,0,,false,,49,5,0
UC---_ej-e6zrxxE2QlnOAgw,59,,false,,652,71,91500
SW_gXv1CXoeX0,0,,false,,44,10,0
,,,,,,,
SW_c3r-wUQ3qo,0,,false,,2756,481,0
SWzXIt_ux3AgI,0,,false,,925,54,0
UC--0W9cZo-c8mWvg41I2cQg,6,,false,,21526,84,7324213
UC--24TuGCf6g6ahaCSet1jA,0,,false,,1583,18,46451
SW_vDG6Qc580M,0,,false,,1591,162,0
,,,,,,,
SW0U_TXOSdRFA,0,,false,,35,8,0
SW1sEtRQ8u_7g,0,,false,,934,415,0
SW1KH6hsM2pTY,0,,false,,268,10,0
SW2-uUSiFF0oo,0,,false,,1602,87,0
SW1FyO_FERga8,0,,false,,45,68,0
SW1AHvsDqGUP0,0,,false,,88,191,0
SW0X9STqdECU4,0,,false,,388,72,0
SW0ukoyr2GOys,0,,false,,1205,110,0
SW1Vfx2rlGC5s,0,,false,,697,2123,0
,,,,,,,
UC--4I--CXMDxjSqs7ZiDUDQ,99,,false,,1786,428,922675
UC--7CiHJSNkS-dk8wE_UaNA,0,,false,,484,4,1962364
UC--70ql_IxJmhmqXqrkJrWQ,175,,false,,76345,96,2842264
UC--3ozenTzry39-xMqAPQlw,43,,false,,68971,73,8802881
SW4dp3SemZowU,0,,false,,4341,110,0
SW2nIpSrgkrTU,0,,false,,428,14,0
SW3u2zKEcwYaI,0,,false,,409,56,0
SW3PXZ5tMur_0,0,,false,,46,36,0
SW4j3dUjBEihY,0,,false,,804,16,0
SW3AZFKJImPv8,0,,false,,31951,58,0
UC--4-5ya3Mwfos6HSXWYCoQ,0,,false,,1810,146,111369
,,,,,,,
SW33SMfLIpmNA,0,,false,,516,73,0
SW3RtKQOy0lLE,0,,false,,36801,113,0
SW2woL2oDfQO0,0,,false,,240,140,0
SW3IbRzdv4nXo,0,,false,,708,14,0
UC--4poe0wjcQQ3SLs7SKREw,4,,false,,98,38,3393
UC--64hj3-OLVzsa1p-6c9sQ,0,,false,,49464,181,5359515
UC--88JLne1Sd6lFyexLm0oQ,10648,,false,,1323,83,343304
,,,,,,,
UC--6RYz-q5rq0lG8Dad8GTA,10,,false,,612,88,5402
,,,,,,,
UC--7TfsWesYbuEFYf-_eEig,0,,false,,282,0,0
etzoby9xnYQ,1,0,,3,,,22
,,,,,,,
mF0DIGTpLYA,1,1,,27,,,2825
,,,,,,,
,,,,,,,
,,,,,,,
,,,,,,,
,,,,,,,
SW6_i3ZN8vpq8,0,,false,,1096,30,0
SW56wnMxUYWPU,0,,false,,23079,5,0
SW6bNLRUUGY7w,0,,false,,1096,1452,0
SW60Ada0j2WmQ,0,,false,,9,24,0
SW78f_aD64jyA,0,,false,,20537,26,0
SW4kifpQtRVvk,0,,false,,8761,1263,0
3Nrq23gXOgo,0,6,,11,,,2268
SW5WN8n3u4bPs,0,,false,,1316,49,0
SW4lekyyFxbGc,0,,false,,855,131,0
SW6F0Szea7mhU,0,,false,,910,978,0
,,,,,,,
IJHq-daSKRQ,30,0,,29,,,145
SW5Zny6G9taOw,0,,false,,379,12,0
,,,,,,,
,,,,,,,
,,,,,,,
BPFzCWTB90A,27,0,,16,,,53
2IlXs3xnZec,56,1,,326,,,2257
jyYR5UGuriY,5,0,,2,,,82
SW7xupLqsx22I,0,,false,,165,4,0
SW8yg2vS9zdQA,0,,false,,21,20,0
jDwxzzIS9tc,139,48,,3691,,,178115
2so6grRmEzE,65,,,,,,2119
MJT5u_qQlvs,15,6,,89,,,2586
SW7JXsQ5oOlyE,0,,false,,503,1198,0
SW8ViLbmmZbiY,0,,false,,1,3,0
SW8zakkRE8aUU,0,,false,,7284,195,0
SW7JU2i_tuVzA,0,,false,,469,152,0
SW7NNLXmrBPSA,0,,false,,163,51,0
SW7t3bdZ9CcVo,0,,false,,44,252,0
SW8Nq9PcQmIXo,0,,false,,643,247,0
SW8UJSAvWIJ1E,0,,false,,1238,205,0
T_y64JhWShA,0,1,,6,,,131
4IWd89kL1H8,217,30,,2440,,,9907
rZ59agEE4Wc,135,44,,66,,,540
SWa7ROBHSoh7A,0,,false,,48588,102,0
SWAhhvsGvdap0,0,,false,,1342,13,0
SW9j388pFNumY,0,,false,,59611,123,0
SWAKZh6kUAgKw,0,,false,,3645,298,0
SWA9NU8T4nM5o,0,,false,,232,8,0
SWa-jYz_k61po,0,,false,,921,198,0
SW9t79yWkonAo,0,,false,,8857,50,0
SWaHzZo6fkq8Y,0,,false,,2530,1100,0
SWAa75pSvjjm4,0,,false,,418,722,0
SWajN8fuV_vqo,0,,false,,322,48,0
UC--aHl3t17oSNo84DvNebrw,0,,false,,1120,21,576452
UC--bM8XLtEXJHkwZJeZcUrA,0,,false,,16,3,245
UC--aogxePIY50s9T6drRjrQ,0,,false,,2518,343,649294
UC--bbkMU6z3r3wBDUINwaNQ,0,,false,,9923,70,1051045
UC--BMyA2X4a9PGAo3lTuopg,3825,,false,,881789,41,124323711
UC--daNPWeQjmMRxv6TWEBYw,0,,false,,41,0,0
UC--8hU3azW8c53Dv9pplhwg,0,,false,,232,0,0
UC--988QUmikjFgwxLnruB_w,508,,false,,1349,327,326042
UC--bvqIpsVLPWt7EUZDIKcg,2,,false,,818,137,217149
UC--CmvOGjoPxZnSZ4FMzOAw,0,,false,,97,0,0
,,,,,,,
SWbH6n2G9X2m8,0,,false,,1487,14,0
SWbkLOCBZsTqI,0,,false,,577,684,0
SWBcxsesty1e8,0,,false,,2540,25,0
,,,,,,,
,,,,,,,
,,,,,,,
SWaMOim1hh89E,0,,false,,96,10,0
SWbxuQcbyhFTw,0,,false,,1448,102,0
SWASiBHswYQ7c,0,,false,,1966,136,0
SWbeBNycfE42k,0,,false,,5786,37,0
SWbnNniBIbmRc,0,,false,,240,370,0
,,,,,,,
,,,,,,,
9AEA58rVUWw,0,2,,7,,,74
,,,,,,,
SWaPQS3ABIJwg,0,,false,,22,88,0
,,,,,,,
SWc210vktGaP8,0,,false,,678,12,0
nZpGucOC20c,,,,,,,10729
,,,,,,,
,,,,,,,
SWC8IFDI7U9XQ,0,,false,,834,40,0
SWCx0IhvqbUUw,0,,false,,1540,44,0
SWcJ8RRGfEtfM,0,,false,,28366,25,0
SWCx-evZx9rEs,0,,false,,6409,124,0
SWCR5bbq21gB4,0,,false,,327,131,0
SWC7-KlK4jWu0,0,,false,,15989,121,0
SWc5DjMQQaI9M,0,,false,,2231,28,0
SWC82r07vVUQk,0,,false,,2896,77,0
SWcelfTQH0p3M,0,,false,,799,6,0
NLEvS7vJuSw,1988,95,,11919,,,140628
SWceu4IvpmNkY,0,,false,,4800,401,0
AI1M5aSsmFs,15,5,,70,,,925
SWCx29QUAxC7Y,0,,false,,2637,10,0
SWcZLiaOYi6eM,0,,false,,25,5,0
SWczjXYx53jZ0,0,,false,,1138,19,0
SWddrCqvHWZhc,0,,false,,322,65,0
SWDHn8k-IieRE,0,,false,,5515,0,0
SWdCPqH-X8rV0,0,,false,,2,4,0
SWdb82eOzMXgY,0,,false,,109,23,0
SWD33UVvMSjCI,0,,false,,2129,153,0
SWdEJ-yps8-to,0,,false,,671,39,0
UerTTUhAYo8,2,0,,5,,,140
1Wg1v_K6Gtw,28,3,,15,,,569
EmJfesNx1lo,78,3,,16,,,186
SWdDiMc85x2bU,0,,false,,908,755,0
SWdL4yPE429vE,0,,false,,172,80,0
SWdna9ZtngfWs,0,,false,,667,32,0
SWefy49z4L7-M,0,,false,,31404,1111,0
SWdWQp1SG6kYQ,0,,false,,8853,225,0
SWEjkXZHqjuFE,0,,false,,57,10,0
SWDnwRPTxrK-I,0,,false,,989,80,0
SWeV1htplM1ec,0,,false,,1452,387,0
UC--ESvX6ATS6Jkg8rEHZFTw,0,,false,,81,13,2872
SWdLy-GL7uAbo,0,,false,,2615,293,0
UC--g9fxLwO9awskAao1No2A,1085,,false,,338817,52,15481079
UC--EwQJeJ6SKlJdswehQH4g,3,,false,,13504,35,418592
UC--HyrAF6kkJnNjXHMKQXSQ,0,,false,,3275,2,347
UC--dg1LEMpipcnF9-CMfPig,0,,false,,4410,42,734457
UC--Ff3VfYYl5i9ckLql2D2g,0,,false,,8961,41,188580
UC--gpTdTFDxVbmqkIC2zyZw,0,,false,,363,80,622298
UC--dLC26k48LoT1mZJgsvyQ,0,,false,,1555,19,5714
UC--F9uvQfk_rooC98O5zFyQ,0,,false,,2842,1116,869506
UC--fwLM4U-Wh20IztKq06ag,0,,false,,41,18,2685
SWDiA-4bf1nGw,0,,false,,158560,20,0
SWDuRx9QGuhiU,0,,false,,307,174,0
,,,,,,,
,,,,,,,
,,,,,,,
,,,,,,,
,,,,,,,
SWfEx8nQvno_Q,0,,false,,296,6,0
SWe_Rb6Mv4F5M,0,,false,,619,41,0
SWeV34zKqzoI0,0,,false,,663,1274,0
,,,,,,,
SWf5wwe4DTpXc,0,,false,,786,14,0
SWffsamPhDnZ8,0,,false,,414,55,0
,,,,,,,
SWFhZiSsYESEw,0,,false,,3309,7,0
SWf5A6XkD2ILg,0,,false,,490,299,0
SWfaG9vLj5TR8,0,,false,,721,12,0
bwm0yG9VVkU,22,4,,25,,,348
,,,,,,,
,,,,,,,
vyOznqMlvfQ,16,5,,16,,,278
,,,,,,,
SWfiR7KhGl9m4,0,,false,,953,14,0
SWfMMQRzGHYR8,0,,false,,1878,54,0
yGEb5wpzWgI,17,3,,33,,,135
7kH2rrCfd0k,8,0,,4,,,47
vYRqH6twO_Y,7,0,,6,,,29
SWfVmbvDTznxM,0,,false,,1312,85,0
SWfNPSMXdQ7kg,0,,false,,147,8,0
SWFwUabYJ5GCE,0,,false,,1293,32,0
SWg8FQCHNOapo,0,,false,,990,3,0
SWg50A68ntxOo,0,,false,,36,52,0
SWg4fChgjkZC4,0,,false,,991,26,0
SWg0wlTGk3KgU,0,,false,,1991,10,0
SWFUp2xq0tJO4,0,,false,,1252,273,0
SWGbxOwzsuZOc,0,,false,,21704,1048,0
-1hElyJopto,14,0,,299,,,2956
Lc-icMHjTcE,0,0,,0,,,89
Md9YvxJjv6A,0,,,,,,36
SWfWP1SbfYKlQ,0,,false,,873,18,0
xuFk2nBSH3c,425,53,,2074,,,20617
YOzW9OMBpoM,23,1,,73,,,656
SWGg2fi-Gs2_Y,0,,false,,217,76,0
SWGgH39OVp5FQ,0,,false,,3983,17,0
SWgr_4GzB3W4M,0,,false,,1293,56,0
SWGtVX2vGXGhg,0,,false,,693,14,0
SWGk4uyl4QFeY,0,,false,,865,8,0
SWgSnIh7I1Ios,0,,false,,27,105,0
SWGtB7082TjJE,0,,false,,3563,0,0
SWGcIH3oa6_uM,0,,false,,4048,31,0
SWGmL1GxY71cg,0,,false,,352,452,0
SWgxIYYNOkzeI,0,,false,,749,16,0
UC--MhnmOE6LSBNcmVk7vGWQ,0,,false,,104,6,1296
UC--igOtApb1YUGUKE4mJ9bw,0,,false,,302,16,15857
UC--j-yuiKFQhNAUYLt3v4fA,0,,false,,183061,214,16650998
UC--M5OyVo7nMzXFJcg9l4fQ,3,,false,,1141,20,9414
UC--kNHC538v4PpkITB9VOmg,0,,false,,382,21,48502
UC--kLHts05i9HBuQcXDWMKA,0,,false,,1493,2,700
UC--LStpqAmlrPn1vSVMED3Q,0,,false,,13049,47,497858
UC--mkA6XEQGTR7U9fl46_sw,0,,false,,10256,40,1862293
UC--I9wmmQvek7XGS6TSUL_A,0,,false,,176,3,1819
SWhRoSlqKClAY,0,,false,,596,48,0
SWhcwOnsq8jBg,0,,false,,541,54,0
UC--J0Bo8miPH18y19qEphOA,0,,false,,4048,27,131563
,,,,,,,
SWhfnhwzEvpRk,0,,false,,1354,5,0
SWHJKi4Yd28hI,0,,false,,66,10,0
SWH63ZgeCBOXI,0,,false,,202,242,0
SWHA8AKMJna-g,0,,false,,224,0,0
SWhfuYQZv4CCE,0,,false,,938,7,0
,,,,,,,
,,,,,,,
,,,,,,,
,,,,,,,
,,,,,,,
SWHrFpo1Swyyc,0,,false,,69,449,0
SWgXwLfCBugaU,0,,false,,1657,177,0
nTgEYFdpCRc,6,0,,33,,,401
SWhWQhv7cx9Q4,0,,false,,738,16,0
,,,,,,,
,,,,,,,
,,,,,,,
,,,,,,,
o4m6lVP8GZ0,6,2,,26,,,189
gR7kn2vkZT0,5,0,,21,,,308
hmjhtkTcXDM,27,0,,39,,,541
SWIjkrpMtwrv8,0,,false,,160,46,0
SWIYAWT7a3SdM,0,,false,,16,8,0
SWJ7re79UqSBA,0,,false,,179,18,0
SWjdF-5-crAoU,0,,false,,672,11,0
SWHYkQqwiDq1Y,0,,false,,725,19,0
SWIWqTzgmc_k4,0,,false,,674,34,0
SWj01Z1A6MAac,0,,false,,265,8,0
SWIXLMUUTk8_Q,0,,false,,829,13,0
SWISwIT2D3Rqg,0,,false,,1835,152,0
SWIeidOc6rDHE,0,,false,,1090,13,0
ZuYcQ6n4oZY,2,0,,7,,,98
AH94pLUQABs,3,2,,29,,,265
Ih7kkBIa0y4,110,12,,335,,,1554
aMwwUlMt1vQ,0,1,,9,,,599
hmgX-b5fVmg,346,167,,2289,,,53459
yrLnD3fSaMQ,125,18,,621,,,7415
SWJELI-SY1uug,0,,false,,51,97,0
SWJjbw4w0NaZ0,0,,false,,535,900,0
SWJmuLIvSDpjs,0,,false,,37,30,0
SWJnIWtClBCDs,0,,false,,82633,78,0
SWj_7lsgOOaM0,0,,false,,23,44,0
SWjPGvqtdw07Q,0,,false,,2353,122,0
SWJmWc5s8LzU8,0,,false,,1101,467,0
SWjTqbQSzzPxw,0,,false,,703,17,0
SWjfjTOoYLW2o,0,,false,,742,103,0
SWjvUDtnebZd0,0,,false,,731,16,0
UC--QAtnSP3B_Uv5E2cPwN1A,0,,false,,29004,109,1256557
UC--mUWkDlk-vGE5prwSnLeQ,12,,false,,11242,72,4456219
UC--NQCwTnFcXDWpNd7kXE6w,10,,false,,13969,1767,35181050
UC--qnfLJ4UquBE2hBSIWYRw,0,,false,,2119,5,14572
UC--MxpGXJ3LVD8KvlNzRlcA,9,,false,,117394,266,14306659
UC--QPZa8RCKJqSF3VQ7Vxig,0,,false,,8261,93,5090811
UC--P41sT9WGGba6hurOImEQ,0,,false,,1898,46,152603
UC--nUbGCEUdiQqbmiXnQUEA,110,,false,,12568,2,212199
UC--QSYkr_4pQEpkcgWIqOJw,0,,false,,46,88,2139
UC--oDW2jBZWpAgcKKS6jEJA,138,,false,,19035,202,11168655
SWkKwT_W0kwKY,0,,false,,3479,13,0
SWj_EqrFGV57Y,0,,false,,1288,93,0
SWkDjgVLSTxG4,0,,false,,644,12,0
SWkEapIxPj54w,0,,false,,985,38,0
SWK36YLF1aNas,0,,false,,137,10,0
SWKihO6_cgVRY,0,,false,,316,6,0
SWKkNrg-MBMlk,0,,false,,661,15,0
SWKpXjuSTwjsQ,0,,false,,697,16,0
SWKMiYLfU-Q6k,0,,false,,159,146,0
,,,,,,,
,,,,,,,
SWkjCaKTw8bYo,0,,false,,616,14,0
,,,,,,,
,,,,,,,
,,,,,,,
,,,,,,,
F24j81er37E,55,2,,126,,,2642
lo9ZBQ2jrNA,50,20,,585,,,16125
,,,,,,,
SWlr178JxVdk8,0,,false,,48,44,0
,,,,,,,
,,,,,,,
,,,,,,,
SWKxMI-tJygXY,0,,false,,21907,150,0
SWlN4nEGxC_to,0,,false,,696,15,0
SWLdnBaIw9t7M,0,,false,,118628,114,0
SWLWgCtxxeXgA,0,,false,,340,106,0
SWlHzYQvqd3aM,0,,false,,4304,0,0
SWL6cTQqB4Ts0,0,,false,,158,1,0
SWksfmT-Fy5Q0,0,,false,,4544,7,0
vVJqi9ZCo90,26,31,,156,,,2994
SWLA-lQ3ZQw50,0,,false,,3967,3596,0
SWkSg2_TN2Fmk,0,,false,,913,16,0
0jUf8R9vTnc,0,2,,16,,,1802
MU-5nPO_CFY,26,6,,86,,,1751
-C-4LjbLkGQ,0,0,,2,,,56
teXwpes4P_8,18,1,,21,,,1554
SWlxNaIYnGXjU,0,,false,,1981,11,0
SWmHAS3OxUvpY,0,,false,,1669,30,0
SWmCNKT6mcrzI,0,,false,,1025,26,0
SWMjsmkQiF6vQ,0,,false,,810,18,0
SWm5HLdR4KU2E,0,,false,,1625,48,0
SWM7DFULXrb6k,0,,false,,922,64,0
SWm3Gu2Q3qoCo,0,,false,,624,16,0
uLkCO3gz39w,0,0,,1,,,7
xFd92VNGGwU,28,2,,362,,,17040
SWmeAjr8Kmot4,0,,false,,3336,208,0
SWlzTPcv2P6iY,0,,false,,41,61,0
SWn-p7Z3qkkCo,0,,false,,61,7,0
SWnx4XCp9LYmE,0,,false,,1544,20,0
SWn7VrUgtXRxg,0,,false,,533,338,0
SWnJ4d375-ulQ,0,,false,,29,100,0
SWO3L4pW7MnG0,0,,false,,1217,24,0
SWOdcllxQPKmU,0,,false,,505,78,0
SWO5qwVPA2YfI,0,,false,,1307,22,0
SWnK9w7sAA3lo,0,,false,,1150,3001,0
,,,,,,,
SWnM6IVyro2z8,0,,false,,1203,15,0
jRHFOFCbi8U,78,5,,656,,,25097
SWo5L8-s2iCKw,0,,false,,1095,22,0
SWoeexLmvNL4E,0,,false,,135,25,0
SWOIybZpYggTA,0,,false,,31709,1037,0
SWOHND-27AhTc,0,,false,,1212,46,0
SWODJTOSCtzwM,0,,false,,74,21,0
SWoT48wRwOGHU,0,,false,,396,120,0
SWOn4bxtg3MYU,0,,false,,67,191,0
SWoKm5iKt7nsQ,0,,false,,188,892,0
SWOK4O6xjDfkU,0,,false,,60,21,0
UC--RHDIQ-bJqIw51Y8COtoQ,0,,false,,166,7,2094
UC--sCtVp-EhfxUFdYBwzuLA,53,,false,,3266,310,1662155
UC--SLRg5Hy4qT4_Mgmfi6Cw,1094,,false,,73578,308,23040433
UC--r30xpCdBWr6QhTEQY4RQ,20,,false,,10336,249,388748
UC--SmoTv8WOVzlxaJ9iaWPw,0,,false,,16,5,971
UC--rUiVoLPzDT-KT4bMrnmQ,0,,false,,1477,0,0
SWOL3ZRxi_owk,0,,false,,1375,23,0
SWozapa_0tbLc,0,,false,,164,26,0
UC--sdmeKbO8zDVSUTkSSMpg,0,,false,,37069,285,1078521
UC--s3Ww3cYpUbjt_v1JOEcA,0,,false,,11096,80,368616
UC--sEstiDmitQkn3gQ4tVNQ,3,,false,,3902,434,224581
UC--SaadDxRXz729rtbQqyBA,5,,false,,29804,68,18448822
,,,,,,,
,,,,,,,
,,,,,,,
SWpz_Po3F-cCQ,0,,false,,2167,4,0
,,,,,,,
SWpo3QY-k6rUY,0,,false,,2721,121,0
SWPaDnlaO2fSM,0,,false,,6669,1077,0
SWPlzkAkWtlU4,0,,false,,44462,134,0
SWPlm_M4S_Wn4,0,,false,,622,1258,0
SWpa_ZFYFWP5Q,0,,false,,430,14,0
SWpbBpxwL6twc,0,,false,,43,32,0
SWpAVcM19bspM,0,,false,,23,212,0
SWOzjCAENC0Nw,0,,false,,192,12,0
e2FwZh1idgQ,6,0,,23,,,253
_Zk2bRQ9pnw,0,0,,0,,,106
,,,,,,,
,,,,,,,
,,,,,,,
,,,,,,,
,,,,,,,
,,,,,,,
,,,,,,,
SWqKrZOTKMhto,0,,false,,204786,49,0
SWQg9gIDdDXKs,0,,false,,443,101,0
SWqHp_QpGlx4U,0,,false,,4,8,0
SWqZqWbgwkJcc,0,,false,,7646,136,0
SWqfAEMt9XrtI,0,,false,,190,6,0
SWqJGennl89Ag,0,,false,,150,18,0
SWqXjCOMromVs,0,,false,,34,107,0
SWqSBdK4fbIYc,0,,false,,438,26,0
SWqd_ZoDi6-58,0,,false,,940,14,0
SWQv-J63KzClQ,0,,false,,716,8,0
,,,,,,,
SB3H2CX5jIMSg,0,,false,,817,706,0
SB98t9_0Bvvg4,0,,false,,338,394,0
SB8O0Meod_cXk,0,,false,,625,258,0
SBAtfYtpIH9Mo,0,,false,,159,1165,0
SB0X7gO9GXPis,0,,false,,290,922,0
SB47Ro0I_IJnQ,0,,false,,122,191,0
SB8FEOrnIduyM,0,,false,,168,589,0
SB1luBg42XGn4,0,,false,,13912,467,0
SB2faAUGzrxJY,0,,false,,1043,779,0
SB0CymbF98W2E,0,,false,,121,572,0
SWWkHKVHSC2Hs,0,,false,,733,153,0
SWwJJsjobhckA,0,,false,,756,697,0
SWvVnWIwSDRaw,0,,false,,91,55,0
SWWgs_hiVxgZk,0,,false,,324,12,0
SWwg84PuMuSZQ,0,,false,,12525,311,0
SWvFHB2mZp3Tw,0,,false,,552,499,0
SWV_voJUGPnNg,0,,false,,17575,83,0
SWvFzgUilLQPE,0,,false,,848,13,0
SWvfzW2_Eq7Lk,0,,false,,61,18,0
SWwrDDmirmdQo,0,,false,,784,18,0
SBMRWpphns3rY,0,,false,,655,670,0
SBDR25qeUABPs,0,,false,,247,383,0
SBlteEO-VNsDA,0,,false,,6173,229,0
SBj2Qo1UCEhq8,0,,false,,402,499,0
SBl-q6K-iFs_0,0,,false,,26974,232,0
SBLRDg874XJh8,0,,false,,10301,1515,0
SBCElj1b_RSA8,0,,false,,68,108,0
SBkpb2ovTTnLQ,0,,false,,5222,20452,0
SBF1b9kTPFNiQ,0,,false,,16203,438,0
SWX84whOn3Fik,0,,false,,14184,69,0
SWXj7DhT5nIz8,0,,false,,5551,1520,0
SWxh5FkVCaekc,0,,false,,5611,286,0
SWxH29V0bP4YM,0,,false,,630,596,0
SWWTFDFOR2XVQ,0,,false,,641,18,0
SWXXkihjP7KcY,0,,false,,11756,3,0
SWXhuC1JGwOxQ,0,,false,,784,26,0
SWxv9FjJOgsBw,0,,false,,110,20,0
SWX4j8ZrLOYw8,0,,false,,1729,40,0
SBKQgs5rnH_I4,0,,false,,6380,94,0
SWxL-K_8zOtpI,0,,false,,90,12,0
SBT6TAJprIlkk,0,,false,,63,30,0
SBNIumgcBkgnY,0,,false,,15545,386,0
SBUouEB0oPDeI,0,,false,,1385,741,0
SBop0HWOMMsic,0,,false,,1003,1540,0
SBZxaGztO4Hz8,0,,false,,898,697,0
SByDf5N1CinWI,0,,false,,16299,388,0
SBpcHF0FYOb_k,0,,false,,12493,45,0
SBoO9KLUAEoEg,0,,false,,977,1234,0
SBnZbd67wyBSU,0,,false,,21412,918,0
SBTHukCqT-8eQ,0,,false,,529,157,0
SWxY-Q-sNdqBg,0,,false,,90105,334,0
SWyOIitqsH_Eg,0,,false,,2677,2,0
SWYkSSUuljAds,0,,false,,110,4,0
SWY6Oc_QC_D1M,0,,false,,640,179,0
SWxZXElPBMcBY,0,,false,,6490,1533,0
SWYevz15-BpdI,0,,false,,8,6,0
SWY9hx0kTTU6M,0,,false,,427,105,0
SWyjeIhDSXtQQ,0,,false,,3602,24,0
SWy2ejmrdRkGA,0,,false,,2292,10,0
SWyAL6x9XnXas,0,,false,,286,64,0
SW0iDB_rPbr64,0,,false,,886,20,0
SW-eO1oBbQsJY,0,,false,,35,11,0
SW-mo2X5kJ-EE,0,,false,,69,13,0
SW-EKXtlQOwCs,0,,false,,172,43,0
SW04xm-iyL9WU,0,,false,,8507,125,0
SW0tZgFuuxESE,0,,false,,330,92,0
SW-Kjqq1GeZtU,0,,false,,595,77,0
SW-eqExqzFC8w,0,,false,,595,72,0
SWzFq6uskVTGo,0,,false,,1139,68,0
SWZk2dX5DnW_c,0,,false,,16828,251,0
SWzhp3DuGC1VI,0,,false,,779,14,0
SWY_NN9sACOGI,0,,false,,3812,7,0
SWYQdU8HP406U,0,,false,,639,16,0
SWYWyvHvVl84c,0,,false,,146,23,0
SWzFuYLfSjFbU,0,,false,,1572,790,0
SWy_FO9VJPFYI,0,,false,,378,58,0
SW-83DN5lQ268,0,,false,,94,34,0
SW09BlXQ2QylM,0,,false,,9828,7,0
SWZ4XrGh-LzlA,0,,false,,819,187,0
SWZTI7dvCrVOo,0,,false,,6312,1076,0
SW1AHvsDqGUP0,0,,false,,88,191,0
SW0ukoyr2GOys,0,,false,,1205,110,0
SW0U_TXOSdRFA,0,,false,,35,8,0
,,,,,,,
SW1KH6hsM2pTY,0,,false,,268,10,0
SW_vDG6Qc580M,0,,false,,1591,162,0
SW_c3r-wUQ3qo,0,,false,,2756,481,0
,,,,,,,
SW_6jduUaAEVY,0,,false,,49,5,0
UC---XwG2lLHtKe8Rd-fao6A,0,,false,,12,5,52
SW_gXv1CXoeX0,0,,false,,44,10,0
UC---_ej-e6zrxxE2QlnOAgw,59,,false,,652,71,91500
SWzXIt_ux3AgI,0,,false,,925,54,0
SW1FyO_FERga8,0,,false,,45,68,0
SW1Vfx2rlGC5s,0,,false,,697,2123,0
SW0X9STqdECU4,0,,false,,388,72,0
SW2-uUSiFF0oo,0,,false,,1602,87,0
SW1sEtRQ8u_7g,0,,false,,934,415,0
UC--0W9cZo-c8mWvg41I2cQg,6,,false,,21526,84,7324213
UC--24TuGCf6g6ahaCSet1jA,0,,false,,1583,18,46451
SW3u2zKEcwYaI,0,,false,,409,56,0
SW3PXZ5tMur_0,0,,false,,46,36,0
SW3AZFKJImPv8,0,,false,,31951,58,0
SW3IbRzdv4nXo,0,,false,,708,14,0
SW4dp3SemZowU,0,,false,,4341,110,0
SW3RtKQOy0lLE,0,,false,,36801,113,0
SW2woL2oDfQO0,0,,false,,240,140,0
SW2nIpSrgkrTU,0,,false,,428,14,0
SW4j3dUjBEihY,0,,false,,804,16,0
SW33SMfLIpmNA,0,,false,,516,73,0
,,,,,,,
UC--4-5ya3Mwfos6HSXWYCoQ,0,,false,,1810,146,111369
UC--70ql_IxJmhmqXqrkJrWQ,175,,false,,76355,96,2842264
UC--64hj3-OLVzsa1p-6c9sQ,0,,false,,49464,181,5359515
UC--4poe0wjcQQ3SLs7SKREw,4,,false,,98,38,3393
UC--3ozenTzry39-xMqAPQlw,43,,false,,68971,73,8802881
UC--7TfsWesYbuEFYf-_eEig,0,,false,,282,0,0
UC--7CiHJSNkS-dk8wE_UaNA,0,,false,,484,4,1962364
UC--88JLne1Sd6lFyexLm0oQ,10648,,false,,1323,83,343304
UC--4I--CXMDxjSqs7ZiDUDQ,99,,false,,1786,428,922675
UC--6RYz-q5rq0lG8Dad8GTA,10,,false,,612,88,5402
,,,,,,,
,,,,,,,
,,,,,,,
,,,,,,,
SW5Zny6G9taOw,0,,false,,379,12,0
,,,,,,,
etzoby9xnYQ,1,0,,3,,,22
SW78f_aD64jyA,0,,false,,20537,26,0
SW5WN8n3u4bPs,0,,false,,1316,49,0
SW4lekyyFxbGc,0,,false,,855,131,0
SW6_i3ZN8vpq8,0,,false,,1096,30,0
SW60Ada0j2WmQ,0,,false,,9,24,0
SW6F0Szea7mhU,0,,false,,910,978,0
SW56wnMxUYWPU,0,,false,,23079,5,0
,,,,,,,
mF0DIGTpLYA,1,1,,27,,,2825
,,,,,,,
,,,,,,,
,,,,,,,
,,,,,,,
SW4kifpQtRVvk,0,,false,,8761,1263,0
SW6bNLRUUGY7w,0,,false,,1096,1452,0
,,,,,,,
,,,,,,,
IJHq-daSKRQ,30,0,,29,,,145
,,,,,,,
3Nrq23gXOgo,0,6,,11,,,2268
jDwxzzIS9tc,139,48,,3691,,,178115
SW8ViLbmmZbiY,0,,false,,1,3,0
SW8UJSAvWIJ1E,0,,false,,1238,205,0
SW7t3bdZ9CcVo,0,,false,,44,252,0
SW7JU2i_tuVzA,0,,false,,469,152,0
SW7xupLqsx22I,0,,false,,165,4,0
SW8Nq9PcQmIXo,0,,false,,643,247,0
SW7JXsQ5oOlyE,0,,false,,503,1198,0
SW7NNLXmrBPSA,0,,false,,163,51,0
SW8yg2vS9zdQA,0,,false,,21,20,0
SW8zakkRE8aUU,0,,false,,7284,195,0
BPFzCWTB90A,27,0,,16,,,53
2so6grRmEzE,65,,,,,,2119
jyYR5UGuriY,5,0,,2,,,82
2IlXs3xnZec,56,1,,326,,,2260
MJT5u_qQlvs,15,6,,89,,,2586
T_y64JhWShA,0,1,,6,,,131
rZ59agEE4Wc,135,44,,66,,,541
4IWd89kL1H8,217,30,,2442,,,9914
SW9j388pFNumY,0,,false,,59611,123,0
SWa-jYz_k61po,0,,false,,921,198,0
SWa7ROBHSoh7A,0,,false,,48588,102,0
SWAa75pSvjjm4,0,,false,,418,722,0
SW9t79yWkonAo,0,,false,,8857,50,0
SWaHzZo6fkq8Y,0,,false,,2530,1100,0
SWajN8fuV_vqo,0,,false,,322,48,0
SWA9NU8T4nM5o,0,,false,,232,8,0
SWAhhvsGvdap0,0,,false,,1342,13,0
SWAKZh6kUAgKw,0,,false,,3645,298,0
UC--988QUmikjFgwxLnruB_w,508,,false,,1349,327,326042
UC--aHl3t17oSNo84DvNebrw,0,,false,,1120,21,576452
UC--bvqIpsVLPWt7EUZDIKcg,2,,false,,818,137,217149
UC--aogxePIY50s9T6drRjrQ,0,,false,,2518,343,649294
UC--CmvOGjoPxZnSZ4FMzOAw,0,,false,,97,0,0
UC--bbkMU6z3r3wBDUINwaNQ,0,,false,,9923,70,1051045
UC--bM8XLtEXJHkwZJeZcUrA,0,,false,,16,3,245
SWaPQS3ABIJwg,0,,false,,22,88,0
UC--daNPWeQjmMRxv6TWEBYw,0,,false,,41,0,0
UC--BMyA2X4a9PGAo3lTuopg,3825,,false,,881790,41,124323711
UC--8hU3azW8c53Dv9pplhwg,0,,false,,232,0,0
SWBcxsesty1e8,0,,false,,2540,25,0
SWASiBHswYQ7c,0,,false,,1966,136,0
SWbxuQcbyhFTw,0,,false,,1448,102,0
SWbH6n2G9X2m8,0,,false,,1487,14,0
SWbeBNycfE42k,0,,false,,5786,37,0
SWaMOim1hh89E,0,,false,,96,10,0
SWbnNniBIbmRc,0,,false,,240,370,0
SWc210vktGaP8,0,,false,,678,12,0
SWbkLOCBZsTqI,0,,false,,577,684,0
,,,,,,,
,,,,,,,
,,,,,,,
,,,,,,,
,,,,,,,
,,,,,,,
,,,,,,,
,,,,,,,
,,,,,,,
,,,,,,,
nZpGucOC20c,,,,,,,10729
9AEA58rVUWw,0,2,,7,,,74
SWcJ8RRGfEtfM,0,,false,,28366,25,0
SWcelfTQH0p3M,0,,false,,799,6,0
SWc5DjMQQaI9M,0,,false,,2231,28,0
SWCR5bbq21gB4,0,,false,,327,131,0
SWCx0IhvqbUUw,0,,false,,1540,44,0
SWC82r07vVUQk,0,,false,,2896,77,0
SWC7-KlK4jWu0,0,,false,,15989,121,0
SWceu4IvpmNkY,0,,false,,4800,401,0
SWCx-evZx9rEs,0,,false,,6409,124,0
SWC8IFDI7U9XQ,0,,false,,834,40,0
EmJfesNx1lo,78,3,,16,,,186
NLEvS7vJuSw,1988,95,,11920,,,140628
SWczjXYx53jZ0,0,,false,,1138,19,0
SWDHn8k-IieRE,0,,false,,5515,0,0
SWD33UVvMSjCI,0,,false,,2129,153,0
SWdb82eOzMXgY,0,,false,,109,23,0
SWddrCqvHWZhc,0,,false,,322,65,0
SWdDiMc85x2bU,0,,false,,908,755,0
SWdCPqH-X8rV0,0,,false,,2,4,0
SWCx29QUAxC7Y,0,,false,,2637,10,0
SWcZLiaOYi6eM,0,,false,,25,5,0
SWdEJ-yps8-to,0,,false,,671,39,0
UerTTUhAYo8,2,0,,5,,,140
AI1M5aSsmFs,15,5,,70,,,925
1Wg1v_K6Gtw,28,3,,15,,,569
SWdna9ZtngfWs,0,,false,,667,32,0
SWefy49z4L7-M,0,,false,,31404,1111,0
SWDiA-4bf1nGw,0,,false,,158560,20,0
SWDnwRPTxrK-I,0,,false,,989,80,0
SWeV1htplM1ec,0,,false,,1452,387,0
SWEjkXZHqjuFE,0,,false,,57,10,0
SWdL4yPE429vE,0,,false,,172,80,0
SWDuRx9QGuhiU,0,,false,,307,174,0
SWdWQp1SG6kYQ,0,,false,,8853,225,0
SWdLy-GL7uAbo,0,,false,,2615,293,0
UC--HyrAF6kkJnNjXHMKQXSQ,0,,false,,3275,2,347
UC--dg1LEMpipcnF9-CMfPig,0,,false,,4410,42,734457
UC--fwLM4U-Wh20IztKq06ag,0,,false,,41,18,2685
UC--F9uvQfk_rooC98O5zFyQ,0,,false,,2842,1116,869506
UC--Ff3VfYYl5i9ckLql2D2g,0,,false,,8961,41,188580
UC--ESvX6ATS6Jkg8rEHZFTw,0,,false,,81,13,2872
UC--g9fxLwO9awskAao1No2A,1085,,false,,338818,52,15481079
UC--EwQJeJ6SKlJdswehQH4g,3,,false,,13504,35,418592
UC--gpTdTFDxVbmqkIC2zyZw,0,,false,,363,80,622298
UC--dLC26k48LoT1mZJgsvyQ,0,,false,,1555,19,5714
,,,,,,,
,,,,,,,
,,,,,,,
,,,,,,,
,,,,,,,
SWe_Rb6Mv4F5M,0,,false,,619,41,0
SWFhZiSsYESEw,0,,false,,3309,7,0
,,,,,,,
SWfEx8nQvno_Q,0,,false,,296,6,0
SWf5wwe4DTpXc,0,,false,,786,14,0
SWfMMQRzGHYR8,0,,false,,1878,54,0
SWf5A6XkD2ILg,0,,false,,490,299,0
SWeV34zKqzoI0,0,,false,,663,1274,0
SWffsamPhDnZ8,0,,false,,414,55,0
,,,,,,,
,,,,,,,
bwm0yG9VVkU,22,4,,25,,,348
vyOznqMlvfQ,16,5,,16,,,278
,,,,,,,
7kH2rrCfd0k,8,0,,4,,,47
,,,,,,,
SWfaG9vLj5TR8,0,,false,,721,12,0
SWfiR7KhGl9m4,0,,false,,953,14,0
yGEb5wpzWgI,17,3,,33,,,135
SWg4fChgjkZC4,0,,false,,991,26,0
SWfNPSMXdQ7kg,0,,false,,147,8,0
SWg50A68ntxOo,0,,false,,36,52,0
SWGbxOwzsuZOc,0,,false,,21704,1048,0
SWg8FQCHNOapo,0,,false,,990,3,0
SWfWP1SbfYKlQ,0,,false,,873,18,0
SWfVmbvDTznxM,0,,false,,1312,85,0
-1hElyJopto,14,0,,299,,,2956
vYRqH6twO_Y,7,0,,6,,,29
Md9YvxJjv6A,0,,,,,,36
YOzW9OMBpoM,23,1,,73,,,659
SWg0wlTGk3KgU,0,,false,,1991,10,0
SWFwUabYJ5GCE,0,,false,,1293,32,0
xuFk2nBSH3c,425,53,,2077,,,20617
Lc-icMHjTcE,0,0,,0,,,89
SWFUp2xq0tJO4,0,,false,,1252,273,0
SWGgH39OVp5FQ,0,,false,,3983,17,0
SWGtB7082TjJE,0,,false,,3563,0,0
SWgxIYYNOkzeI,0,,false,,749,16,0
SWGmL1GxY71cg,0,,false,,352,452,0
SWGtVX2vGXGhg,0,,false,,693,14,0
SWGcIH3oa6_uM,0,,false,,4048,31,0
SWgSnIh7I1Ios,0,,false,,27,105,0
SWgr_4GzB3W4M,0,,false,,1293,56,0
SWGg2fi-Gs2_Y,0,,false,,217,76,0
SWGk4uyl4QFeY,0,,false,,865,8,0
UC--M5OyVo7nMzXFJcg9l4fQ,3,,false,,1141,20,9414
UC--LStpqAmlrPn1vSVMED3Q,0,,false,,13049,47,497858
UC--kLHts05i9HBuQcXDWMKA,0,,false,,1493,2,700
UC--kNHC538v4PpkITB9VOmg,0,,false,,382,21,48502
UC--mkA6XEQGTR7U9fl46_sw,0,,false,,10257,40,1862293
UC--igOtApb1YUGUKE4mJ9bw,0,,false,,302,16,15857
UC--MhnmOE6LSBNcmVk7vGWQ,0,,false,,104,6,1296
UC--I9wmmQvek7XGS6TSUL_A,0,,false,,176,3,1819
UC--j-yuiKFQhNAUYLt3v4fA,0,,false,,183061,214,16650998
UC--J0Bo8miPH18y19qEphOA,0,,false,,4048,27,131563
SWhfnhwzEvpRk,0,,false,,1354,5,0
SWhcwOnsq8jBg,0,,false,,541,54,0
SWHrFpo1Swyyc,0,,false,,69,449,0
SWHJKi4Yd28hI,0,,false,,66,10,0
SWgXwLfCBugaU,0,,false,,1657,177,0
SWHA8AKMJna-g,0,,false,,224,0,0
SWH63ZgeCBOXI,0,,false,,202,242,0
SWhRoSlqKClAY,0,,false,,596,48,0
SWhfuYQZv4CCE,0,,false,,938,7,0
,,,,,,,
,,,,,,,
,,,,,,,
,,,,,,,
,,,,,,,
,,,,,,,
,,,,,,,
,,,,,,,
,,,,,,,
SWhWQhv7cx9Q4,0,,false,,738,16,0
,,,,,,,
o4m6lVP8GZ0,6,2,,26,,,189
nTgEYFdpCRc,6,0,,33,,,401
hmjhtkTcXDM,27,0,,39,,,541
SWIeidOc6rDHE,0,,false,,1090,13,0
SWHYkQqwiDq1Y,0,,false,,725,19,0
SWISwIT2D3Rqg,0,,false,,1835,152,0
ZuYcQ6n4oZY,2,0,,7,,,98
SWjdF-5-crAoU,0,,false,,672,11,0
SWIWqTzgmc_k4,0,,false,,674,34,0
SWJ7re79UqSBA,0,,false,,179,18,0
SWj01Z1A6MAac,0,,false,,265,8,0
SWIXLMUUTk8_Q,0,,false,,829,13,0
gR7kn2vkZT0,5,0,,21,,,308
AH94pLUQABs,3,2,,29,,,265
Ih7kkBIa0y4,110,12,,335,,,1554
SWIYAWT7a3SdM,0,,false,,16,8,0
aMwwUlMt1vQ,0,1,,9,,,599
SWIjkrpMtwrv8,0,,false,,160,46,0
hmgX-b5fVmg,346,167,,2289,,,53459
yrLnD3fSaMQ,125,18,,621,,,7415
SWJnIWtClBCDs,0,,false,,82633,78,0
SWj_7lsgOOaM0,0,,false,,23,44,0
SWJjbw4w0NaZ0,0,,false,,535,900,0
SWJmuLIvSDpjs,0,,false,,37,30,0
SWjTqbQSzzPxw,0,,false,,703,17,0
SWJmWc5s8LzU8,0,,false,,1101,467,0
SWJELI-SY1uug,0,,false,,51,97,0
SWjPGvqtdw07Q,0,,false,,2353,122,0
SWjfjTOoYLW2o,0,,false,,742,103,0
SWjvUDtnebZd0,0,,false,,731,16,0
UC--qnfLJ4UquBE2hBSIWYRw,0,,false,,2119,5,14572
UC--P41sT9WGGba6hurOImEQ,0,,false,,1898,46,152603
UC--NQCwTnFcXDWpNd7kXE6w,10,,false,,13969,1767,35181050
UC--mUWkDlk-vGE5prwSnLeQ,12,,false,,11242,72,4456219
UC--nUbGCEUdiQqbmiXnQUEA,110,,false,,12568,2,212199
UC--QPZa8RCKJqSF3VQ7Vxig,0,,false,,8261,93,5090811
UC--oDW2jBZWpAgcKKS6jEJA,138,,false,,19035,202,11168655
UC--QSYkr_4pQEpkcgWIqOJw,0,,false,,46,88,2139
UC--QAtnSP3B_Uv5E2cPwN1A,0,,false,,29004,109,1256557
UC--MxpGXJ3LVD8KvlNzRlcA,9,,false,,117395,266,14306659
,,,,,,,
SWkEapIxPj54w,0,,false,,985,38,0
,,,,,,,
SWkKwT_W0kwKY,0,,false,,3479,13,0
SWj_EqrFGV57Y,0,,false,,1288,93,0
SWK36YLF1aNas,0,,false,,137,10,0
SWKihO6_cgVRY,0,,false,,316,6,0
SWkjCaKTw8bYo,0,,false,,616,14,0
SWKpXjuSTwjsQ,0,,false,,697,16,0
SWkDjgVLSTxG4,0,,false,,644,12,0
SWKMiYLfU-Q6k,0,,false,,159,146,0
SWKkNrg-MBMlk,0,,false,,661,15,0
,,,,,,,
,,,,,,,
,,,,,,,
,,,,,,,
lo9ZBQ2jrNA,50,20,,585,,,16125
F24j81er37E,55,2,,126,,,2642
,,,,,,,
,,,,,,,
,,,,,,,
SWKxMI-tJygXY,0,,false,,21907,150,0
SWlr178JxVdk8,0,,false,,48,44,0
,,,,,,,
SWlN4nEGxC_to,0,,false,,696,15,0
SWLA-lQ3ZQw50,0,,false,,3967,3596,0
SWlHzYQvqd3aM,0,,false,,4304,0,0
SWLdnBaIw9t7M,0,,false,,118628,114,0
SWLWgCtxxeXgA,0,,false,,340,106,0
SWkSg2_TN2Fmk,0,,false,,913,16,0
SWL6cTQqB4Ts0,0,,false,,158,1,0
SWksfmT-Fy5Q0,0,,false,,4544,7,0
MU-5nPO_CFY,26,6,,86,,,1751
uLkCO3gz39w,0,0,,1,,,7
SWM7DFULXrb6k,0,,false,,922,64,0
SWlxNaIYnGXjU,0,,false,,1981,11,0
SWMjsmkQiF6vQ,0,,false,,810,18,0
xFd92VNGGwU,28,2,,362,,,17040
vVJqi9ZCo90,26,31,,156,,,2994
SWmCNKT6mcrzI,0,,false,,1025,26,0
SWmHAS3OxUvpY,0,,false,,1669,30,0
teXwpes4P_8,18,1,,21,,,1554
SWm5HLdR4KU2E,0,,false,,1625,48,0
SWmeAjr8Kmot4,0,,false,,3336,208,0
SWlzTPcv2P6iY,0,,false,,41,61,0
SWn-p7Z3qkkCo,0,,false,,61,7,0
-C-4LjbLkGQ,0,0,,2,,,56
0jUf8R9vTnc,0,2,,16,,,1802
SWm3Gu2Q3qoCo,0,,false,,624,16,0
SWO5qwVPA2YfI,0,,false,,1307,22,0
jRHFOFCbi8U,78,5,,656,,,25097
SWnK9w7sAA3lo,0,,false,,1150,3001,0
SWnx4XCp9LYmE,0,,false,,1544,20,0
SWo5L8-s2iCKw,0,,false,,1095,22,0
SWnJ4d375-ulQ,0,,false,,29,100,0
,,,,,,,
SWOdcllxQPKmU,0,,false,,505,78,0
SWn7VrUgtXRxg,0,,false,,533,338,0
SWO3L4pW7MnG0,0,,false,,1217,24,0
SWnM6IVyro2z8,0,,false,,1203,15,0
SWOn4bxtg3MYU,0,,false,,67,191,0
SWOIybZpYggTA,0,,false,,31709,1037,0
SWozapa_0tbLc,0,,false,,164,26,0
UC--r30xpCdBWr6QhTEQY4RQ,20,,false,,10336,249,388748
UC--sEstiDmitQkn3gQ4tVNQ,3,,false,,3902,434,224581
SWOK4O6xjDfkU,0,,false,,60,21,0
SWODJTOSCtzwM,0,,false,,74,21,0
SWOHND-27AhTc,0,,false,,1212,46,0
SWoeexLmvNL4E,0,,false,,135,25,0
UC--sCtVp-EhfxUFdYBwzuLA,53,,false,,3266,310,1662155
UC--RHDIQ-bJqIw51Y8COtoQ,0,,false,,166,7,2094
UC--sdmeKbO8zDVSUTkSSMpg,0,,false,,37070,285,1078521
UC--SLRg5Hy4qT4_Mgmfi6Cw,1094,,false,,73578,308,23040433
UC--rUiVoLPzDT-KT4bMrnmQ,0,,false,,1477,0,0
UC--SmoTv8WOVzlxaJ9iaWPw,0,,false,,16,5,971
UC--SaadDxRXz729rtbQqyBA,5,,false,,29804,68,18448822
UC--s3Ww3cYpUbjt_v1JOEcA,0,,false,,11096,80,368616
SWoKm5iKt7nsQ,0,,false,,188,892,0
SWOL3ZRxi_owk,0,,false,,1375,23,0
SWoT48wRwOGHU,0,,false,,396,120,0
,,,,,,,
,,,,,,,
SWpo3QY-k6rUY,0,,false,,2721,121,0
SWpz_Po3F-cCQ,0,,false,,2167,4,0
SWpAVcM19bspM,0,,false,,23,212,0
,,,,,,,
SWPlzkAkWtlU4,0,,false,,44462,134,0
,,,,,,,
SWOzjCAENC0Nw,0,,false,,192,12,0
SWpbBpxwL6twc,0,,false,,43,32,0
,,,,,,,
SWPaDnlaO2fSM,0,,false,,6669,1077,0
,,,,,,,
SWpa_ZFYFWP5Q,0,,false,,430,14,0
,,,,,,,
e2FwZh1idgQ,6,0,,23,,,253
,,,,,,,
,,,,,,,
,,,,,,,
,,,,,,,
SWPlm_M4S_Wn4,0,,false,,622,1258,0
_Zk2bRQ9pnw,0,0,,0,,,106
SWQv-J63KzClQ,0,,false,,716,8,0
SWqfAEMt9XrtI,0,,false,,190,6,0
SWqSBdK4fbIYc,0,,false,,438,26,0
0ShtREHte7o,18,0,,52,,,787
SWQg9gIDdDXKs,0,,false,,443,101,0
SWqJGennl89Ag,0,,false,,150,18,0
SWqZqWbgwkJcc,0,,false,,7646,136,0
SWqd_ZoDi6-58,0,,false,,940,14,0
SWqXjCOMromVs,0,,false,,34,107,0
9bwvCdhfNLc,542,23,,4332,,,23963
WjNNOQuUajI,71,11,,56,,,3627
sIyQX1Ha42I,95,0,,50,,,319
CjUfTqJVvGs,170,33,,783,,,16631
z36eS7cRU1g,16,4,,31,,,1603
1DUUloBmAWI,34,3,,247,,,2806
SWqKrZOTKMhto,0,,false,,204786,49,0
SWqHp_QpGlx4U,0,,false,,4,8,0
SWSiG23G8JnEE,0,,false,,94,12,0
SWS4Q4dtuBzqg,0,,false,,712,13,0
SWRKldwsGFB-0,0,,false,,694,19,0
SWSAUMhujyOUA,0,,false,,192,69,0
SWrpF2aHk1r7w,0,,false,,557,17,0
SWrHc1zglhaQ4,0,,false,,1171,17,0
SWrqma-BnUh_g,0,,false,,1390,1080,0
SWs42_6itOhXs,0,,false,,3238,59,0
SWsaVnnpZgfug,0,,false,,855,13,0
SWRB6x5s0RR7E,0,,false,,1825,61,0
UC--VGoBhtP5BElsIjlKh4Eg,326,,false,,3925,94,343203
UC--Ugzi2xqFi1AmOEOlcEjg,42,,false,,1105,119,370458
UC--wbFiVGC3lr5xKz6ZQ27w,5,,false,,43680,222,20706269
UC--WKpmpmX-S3rirA61Qwxg,0,,false,,227,22,13773
UC--t47a7J2RHWtdQbxxxMGQ,0,,false,,1058,6,4361
UC--v_yq8hWEeIliSovft75Q,0,,false,,381,76,366921
UC--UtxrU7FWNCp0l7AG9EIw,0,,false,,60430,0,22727
UC--Wn0KWXRaChNrKChh9kYg,0,,false,,108349,11,10696275
UC--tMKFSSxH4yTN7NFM1QJQ,854,,false,,257,73,37923
UC--SnBc5AkAR-ygkiTUUoPg,0,,false,,417,99,28974
,,,,,,,
,,,,,,,
SWT2HFOILC-m0,0,,false,,670,19,0
SWT49fVebBzBE,0,,false,,1480,24,0
SWTd63ULOc9-Y,0,,false,,653,16,0
SWsrgms_qZrAQ,0,,false,,268,14,0
SWTF3GvPSUqxg,0,,false,,1113,33,0
SWSj1V4lsZ8z4,0,,false,,878,16,0
SWtHWxpPpimas,0,,false,,66156,511,0
SWsviehdSysoo,0,,false,,1670,23,0
SWsY7jYSBI68c,0,,false,,2691,324,0
SWT3FVWsMQsFE,0,,false,,682,10,0
,,,,,,,
,,,,,,,
,,,,,,,
,,,,,,,
,,,,,,,
,,,,,,,
2U5BXiuuuYI,20,2,,59,,,711
,,,,,,,
6s0_xXFPLSw,1,0,,2,,,102
,,,,,,,
JyQmJdoDPO4,569,289,,15357,,,440236
SWtrbfbi5SBaQ,0,,false,,839,620,0
SWUdwKuVTEiZQ,0,,false,,10647,66,0
SWTldv2C4TNa8,0,,false,,281,371,0
SWTQes62EMOs0,0,,false,,610,30,0
SWtL8w5u2HZ3o,0,,false,,12,8,0
SWTZJTe3NWFTc,0,,false,,9109,190,0
SWu-VXOQ2SlmI,0,,false,,408,215,0
SWTLDbLVvCVgY,0,,false,,305,16,0
SWUDwbhLJ0J8I,0,,false,,2445,17,0
Mo5Qc2jz8pE,0,0,,1,,,28
SWTUAXP638hQo,0,,false,,648,11,0
RlOCSFxtUpc,0,0,,4,,,113
3PsvdeLtlZc,11,0,,13,,,323
j8JPykY_E2g,336,78,,2339,,,97801
R-MAz8bPk7s,7,5,,15,,,352
dhjzPL8ewfg,8,0,,5,,,44
SWuhRTDGGEmeU,0,,false,,39343,346,0
SWUqP6yNb_pMg,0,,false,,12839,20,0
SWuxfJ_0zLAzI,0,,false,,1132,46,0
SWuRt-0qmvhv0,0,,false,,2798,332,0
SWuPBP-mUztaY,0,,false,,405,9,0
SWuIEjuOfdi04,0,,false,,104,5,0
SWusvaf5vC7JQ,0,,false,,504,44,0
SWUvHdWaQi2Bc,0,,false,,51399,1212,0
SWUUbyfztJeXw,0,,false,,1755,166,0
UC--yIemFNSgwQ0JxyYsABAQ,4,,false,,12134,22,2853127
UC--yl92U54z0XRQ9hce3w1A,0,,false,,345,24,32455
UC--WVFma287seBezUdmZVwQ,0,,false,,44882,154,20776039
UC--yuL7cIjxabwZ3bQnhpNw,0,,false,,1037,270,64250
UC--XmQc0eiMHq5j3FR6eykA,0,,false,,166006,267,17966514
UC--ze8_8urZe_BOgZgJzi5Q,0,,false,,84,67,2438
UC--YYle-7SgBi5rdfuRCqKA,1479,,false,,180767,241,17897694
UC--WuN-GbFyrqbKd6DG6Plg,0,,false,,188,143,7465
UC--wS2BlApgHJiO8Rt8DYMg,0,,false,,4078,107,49487
,,,,,,,
UC--y7PZIgCBxnRjOv0irIlw,0,,false,,4485,0,0
,,,,,,,
,,,,,,,
,,,,,,,
,,,,,,,
,,,,,,,
,,,,,,,
,,,,,,,
,,,,,,,
,,,,,,,
,,,,,,,
auKO2U6Q60g,72,9,,1365,,,100604
vLBgSa5LT9M,2,1,,16,,,1268
1KXWcW_nfVE,2,0,,2,,,54
Mo7AKUK5mY0,0,5,,28,,,9704
uWspjOHRxLQ,36,10,,289,,,3774
HW_rCNoqacE,16,0,,10,,,121
0eQlTAmjclg,124,20,,319,,,3660
fdNqk4ImCvM,9,1,,35,,,480
3Upv_dkLY2M,2,0,,5,,,27
UC--__acLrlTU6Cn7JigP5rA,0,,false,,1520,26,13441
UC--_4QZQuc7dNvbg4sTuR6A,74,,false,,17588,1405,18041138
UC-0-4vQYpMtwtKZEQeKSJYA,0,,false,,90,88,11053
UC--zI5i_scO_sCvC2gsg5uQ,0,,true,,0,315,3257547
UC--ZPnXHsS_2hbHWrzgg1GQ,0,,false,,115361,256,13322592
UC-01FIsPR3W9wKXIcFV8t0Q,0,,false,,6442,127,1306370
UC--Zx-NLyVwHOdqT8atoxhw,0,,false,,9697,36,949796
UC-0-GJ_ThO567EMoINxORow,0,,false,,36891,135,13573066
UC-01ChpGAfzjh96xK_6Fdzg,0,,false,,614,53,189042
UC-00A_jgcmAtDFVor0rHOpA,4,,false,,69296,28,16135030
,,,,,,,
,,,,,,,
,,,,,,,
,,,,,,,
,,,,,,,
,,,,,,,
,,,,,,,
,,,,,,,
,,,,,,,
,,,,,,,
xy3kvsMGi0g,5,0,,11,,,47
Q476wdBZzSs,4,1,,29,,,242
Z3dVXLDZGVg,2,1,,22,,,274
MwVmlG5KJvE,1112,710,,13584,,,418638
2_bgWMkYnrE,5,0,,79,,,832
1i-eYK7nAII,77,2,,74,,,6940
1z7rE19hIAg,25,4,,31,,,394
Eo9mPLXdzQQ,70,6,,709,,,12681
el1X4Jjk5LI,9,0,,1,,,56
7B7cih0BQJo,1,3,,11,,,274
UC-06fq_Jd6ygjOPs1eumR9w,1344,,false,,11455,83,648495
UC-030ewNGtiJJM_e7geZ93w,38,,false,,756,365,63638
UC-04eTUqGDzYKXvCM-XMQKw,0,,false,,698,22,28127
UC-03HP204LWw_t8C05B7maw,64,,false,,34283,126,34723858
UC-03W4pPPaXbhvXEiQP8RrQ,38,,false,,2854,13,407899
UC-06DrwjQjQKOw4OFV12KFg,174,,false,,1546,313,395318
UC-03iOZEnlrIlXyZe2h3Pog,0,,false,,141628,98,13719347
UC-05iJwXH93YxVJX-3q-D7A,0,,false,,3693,497,502306
UC-06M2GUh6L9OkFrYFpcxIg,0,,false,,2,0,0
UC-01gfM_rDcjLKzIVqBFz8Q,0,,false,,211,13,4394
,,,,,,,
,,,,,,,
,,,,,,,
,,,,,,,
,,,,,,,
,,,,,,,
,,,,,,,
,,,,,,,
,,,,,,,
,,,,,,,
-F_tlDJtkjM,3,9,,6,,,61
xygEeOZpaPM,36,4,,232,,,9581
4_T_zSzJJUE,12,0,,18,,,178
9x7WZazXrwE,137,8,,186,,,16643
UuC5gUo6JSc,15,0,,41,,,572
Ec6FwVTyiwg,1724,41,,7646,,,48895
XDbGSAy3ABU,0,0,,5,,,1864
W2roRsdX1u4,0,0,,3,,,5
JOwO7hQcJqM,0,0,,2,,,59
,,,,,,,
UC-07FccxvQ56GrIwGRGzbyA,0,,false,,55358,56,4048273
UC-0cEAKVfkWXhrivPHyZo8A,0,,false,,173,4,8439
UC-0ANqBnLBnAuzKt1cR_VOg,0,,false,,33378,142,19273243
UC-0a4rWlN3JSWuOqnbOByNA,0,,false,,2263,97,157483
UC-0aqDa-AGqT2GCGoa9BPpQ,0,,false,,1713,252,276887
UC-0cE1sBQsfvsKaGgiL8Zxg,3,,false,,615,244,361768
UC-0BM3mLSFdjFyH6IV7NeAw,0,,false,,182098,2672,82855514
UC-0BMIN-fcsFA1DwkCXS8xw,1,,false,,65125,2707,31171134
UC-0cmaZSRtM3aKsBtSxeCng,4,,false,,46389,149,4403472
,,,,,,,
,,,,,,,
UC-0dnE4EsVXvIrVtCVsrzqg,0,,false,,69,25,10390
UC-0E3_2V_Pbp_rMNXVyehhQ,0,,false,,84,23,5477
UC-0DisgeKVC4tXhidNjRTpg,12,,false,,67860,221,15223438
UC-0Dwp_taZabzNXCTZ51ccQ,0,,false,,10194,5,155714
UC-0D1RlSzcvBoODCKSoLl2g,0,,false,,1847348,318,1345151334
UC-0CzRZeML8zw4pFTVDq65Q,26,,false,,162545,183,9829249
UC-0Ela1ZMvJnG8WyI3nhtbA,0,,false,,242,7,375
UC-0eYf8xxrev68O5VXHPwQg,0,,false,,3180,9,129490
UC-0d3muMfcERwnqn7CEIW-A,1,,false,,18092,135,1162307
,,,,,,,
,,,,,,,
,,,,,,,
,,,,,,,
,,,,,,,
,,,,,,,
,,,,,,,
,,,,,,,
,,,,,,,
LWwwSz7ddGQ,4,1,,3,,,92
,,,,,,,
,,,,,,,
UC-0FGfAdBAeuhxWtOOu6rAQ,0,,false,,1,6,607
UC-0fF-A73kBTbR8H5DFLdRA,0,,true,,0,1615,22310405
UC-0hI478KxapQPFSy0Mvotg,14,,false,,26276,322,3168655
UC-0Hk4yjo7pfxrRq9vJke-Q,0,,false,,1321,5,30460
UC-0hbo516c4JDMueFDGc-LQ,0,,false,,45,9,615
UC-0f3yAGpHt4M3BgduY1W-g,5,,false,,3571,15,300645
UC-0gpdOIK_a70eMtwP_Qu8A,0,,false,,6176,41,202835
UC-0FsrrinOSa9KZ_t1x8dqA,0,,false,,19636,120,1108357
,,,,,,,
,,,,,,,
,,,,,,,
UC-0Fom6RbIdvZIrbzRa4moQ,174,,false,,22818,547,1992685
,,,,,,,
UC-0F3MXLA6Jch-Np-ncZRdg,0,,false,,42,15,5408
,,,,,,,
r6PA1rUbIRk,2,0,,2,,,54
9wOZyyLSvmA,12,0,,38,,,1061
,,,,,,,
Sbu9K_tq1PM,108,33,,2131,,,19931
1ugku60em8U,8,0,,5,,,29
qzy3k1ZudvY,0,0,,2,,,47
,,,,,,,
,,,,,,,
O8a23ktofWs,38,16,,267,,,10614
,,,,,,,
avW-TObYurY,2,0,,3,,,48
v0e9R8QBqoE,3,1,,270,,,4966
gl4huqBQ-I8,12,3,,93,,,3408
,,,,,,,
TkU2u6Rvhtk,335,6,,689,,,12264
,,,,,,,
,,,,,,,
,,,,,,,
N0pTuNItXKI,4,1,,4,,,28
2ub_bSEyB1I,12,3,,60,,,1984
rwNuI_j4Njw,1,1,,25,,,2604
wtH-SuN90so,0,1,,1,,,29
IITyhghfoV4,0,0,,0,,,49
,,,,,,,
Zc68yg25tbM,9,1,,15,,,308
,,,,,,,
,,,,,,,
3SE3cqrwnnA,22,0,,69,,,337
ffyC6lh6hps,15,2,,224,,,5493
Wod5Bzr0CJM,0,0,,0,,,69
DqUzwlSj1T8,8,10,,41,,,6005
j1i4aWw_JeE,820,4,,660,,,14004
Jam4YfaQUfs,95,42,,200,,,40799
PmWTxHQuDyg,16,,,,,,11953
lqaNdRaZLyI,1,0,,5,,,174
Ccq41JB80rY,14,4,,153,,,3922
lhPugxtMDmo,38,2,,162,,,3967
Whigzp9A-sc,22,,,,,,1664
,,,,,,,
UC-0n-eOS6bdKCfwU4wSg1aA,0,,false,,69,32,14555
UC-0K_7EGBrS6Oo7Mh4o9FbA,0,,false,,271,53,55846
UC-0MJAKV3CExVVB8rJBmvqw,0,,false,,114,25,20297
UC-0MtQThcJ9ss0Btr4nx2Iw,0,,false,,321,18,9543
UC-0nNa1Hct4Q0aTjMoCRZrA,0,,false,,1137,1,753
UC-0jHL0gGofAspk4dQc2h6w,17,,false,,3603,1209,5582604
UC-0iPs4jLNnmZBdN6BfMQIg,0,,false,,260,37,5324
UC-0NO3MJjUSYl7-XKsIJvFw,43,,false,,6245,0,0
UC-0jGcUVDt2Mz5TCJrjeOPQ,0,,false,,15282,348,1256488
,,,,,,,
,,,,,,,
,,,,,,,
,,,,,,,
,,,,,,,
UC-0nszuvtMBg4Is_oXbrk5w,0,,false,,249,2,6002
UC-0PnJbhXNdzlNoJNEDVmuA,0,,false,,1493,15,90207
UC-0qdPI6xmgIiqVHrpHoqkA,0,,false,,862,10,22523
UC-0Owfgzn7k_Eda0Np1kccA,0,,false,,12382,44,288227
UC-0PIoC5DeFv2NPQU2Qq-1Q,13,,false,,2842,26,319301
UC-0P4Tp80nGHjyZNgE1BKWg,255,,false,,35613,2571,13386244
UC-0pa_k2tIXBCd-ijI1caIg,0,,false,,1013,15,2640
UC-0ow7EjE96DhSVpC19IOVg,261,,false,,9138,164,12966662
UC-0qixrSiWRiBsw_3h4ZMIw,69,,false,,6695,433,1207381
,,,,,,,
1DoumLs8hmE,89,15,,65,,,761
UC-0QPD5tN7CV5sw-ruTz5mw,0,,true,,0,55,10604
,,,,,,,
oE5n5aVAPqM,17,0,,6,,,64
,,,,,,,
MP-OkfWBqTE,19,0,,9,,,62
ENvKTB8XenY,2,2,,18,,,1213
,,,,,,,
,,,,,,,
,,,,,,,
,,,,,,,
,,,,,,,
,,,,,,,
,,,,,,,
78zU7K4PzwE,2,0,,4,,,522
ehFkPJlBOCU,,36,,166,,,4646
tUH-XBp69_w,12,0,,8,,,74
,,,,,,,
,,,,,,,
UP8T-I4xIkg,1,0,,1,,,114
C9Kn2EGBsic,30,5,,81,,,2557
,,,,,,,
baBAQ-AKqqE,5,0,,37,,,279
,,,,,,,
P9eLFyS9Q3w,7,0,,9,,,60
CxS2qillSf8,142,26,,658,,,21114
DiZ-NaOGqx4,18,28,,50,,,1524
QJlELENTXaQ,27,5,,138,,,2105
aSM-GTnArzQ,22,2,,67,,,1168
FE2I0GlNqJE,14,32,,84,,,6259
1NgjOjFV9Zk,4,0,,25,,,85
fahVtiuJe0I,85,13,,397,,,7092
UC-0v0rhD36ba4bpISP1G02A,0,,false,,1909,26,43568
UC-0Va8mKNGhxAQDHMd4TUPw,0,,false,,1036,1184,227599
UC-0uizWHnUpG6vFQHcDwBfA,23,,false,,2682,165,3943334
UC-0qZR2M9H8i733WSp6gQoQ,0,,false,,584,39,11312
UC-0rIgBkR3e1z-yqlNzqMnw,7,,false,,398,1824,85071
UC-0Urs9tifl-7DDE1RLbBHQ,88,,false,,101526,77,673014
UC-0uOO2n8whp5CjcbY24Q8Q,0,,true,,0,415,22618
UC-0unh5x9WSd6aj0OGxrgaA,8,,false,,59942,338,41964421
UC-0UHttuXfb1XCmGcUB9fmg,0,,false,,339,147,10002
UC-0tOIlUWBTLQHJGBrxHNkw,0,,false,,7,5,221
,,,,,,,
,,,,,,,
,,,,,,,
,,,,,,,
,,,,,,,
,,,,,,,
PwAkqogyZIM,1,0,,3,,,87
,,,,,,,
,,,,,,,
,,,,,,,
,,,,,,,
Pw6xXZ7LTmk,17,0,,59,,,297
XFgzxlxapz4,0,0,,0,,,17
gzQl_RuXQZk,0,1,,3,,,148
9Az2CGX7NaM,116,3,,28,,,248
Ax-Nmh4l8b8,0,0,,0,,,29
dQUvTim3wHw,17,1,,85,,,607
X8UMrStZ5Hw,12,19,,167,,,66702
q2RGD0yneG4,23,0,,35,,,163
dEJSj5CdQkg,0,0,,0,,,6
UC-0vixoMrvXKh7RoefU5XcQ,0,,false,,727,82,307369
UC-0XZkqjHGx20vo2LXYlwXg,0,,false,,7268,0,1
UC-0_j6RI9yUEibhLCkdGU7A,0,,false,,2346,56,127192
UC-0zBA5cIPSHg34oZVezQcg,25,,false,,842,78,403801
UC-0yaKEOFFGwkAxHZaCSuRA,0,,false,,53,29,697
UC-0xTx8p1qLjA4Px5RMoJZw,2,,false,,6159,68,196345
UC-0z4XISgZMDg62DY1yu3kQ,0,,false,,236,5,122706
UC-0Wg1wOUp-bRF1ZiC0dE8g,36,,false,,22770,948,11548650
UC-0Zloi7x3TgjVU6FMSr0NQ,315,,false,,6817,1116,2721642
UC-1-q3yRkCzNw4wDqbg8rIA,0,,false,,6,4,145
,,,,,,,
,,,,,,,
,,,,,,,
,,,,,,,
,,,,,,,
5avJ4lijuyc,0,1,,34,,,3491
,,,,,,,
,,,,,,,
,,,,,,,
,,,,,,,
KYcwAkttR7Y,0,0,,0,,,14
,,,,,,,
gPf3DSc1zU4,0,0,,2,,,39
ofeKHPeao9s,13,0,,39,,,728
bjR3v8PClf0,6,0,,32,,,836
0q6FdCRmeKo,9,2,,25,,,1162
2yfzlIXE7G0,103,4,,111,,,1088
xUDcJvOPpI8,7,2,,161,,,987
TE7CZ9W13Tg,70,2,,195,,,3223
UC-129tXjqilYOM9aqws-rYA,3,,false,,34947,3,15733086
UC-10LxG4vDnjnjfLqgw3BZw,0,,false,,90,68,2382
UC-12ftOJg8QJFhU_ZsNwSzA,1733,,false,,28865,33,3759279
UC-11kM8u1wEQKMmRlH2CuRA,0,,false,,96922,38,2903683
UC-1-SKsQPxjOoE87xKGB0Og,15,,false,,4071,13,666716
UC-12HlUMC3xACRFcRR6zUAA,14,,false,,5513,13,7023
UC-1-zPmT368J8JRbsK_1keA,1309,,false,,927353,757,104621404
UC-105eEuGNwId7Yth_OFMiA,0,,false,,126,46,2465
UC-1-SLYyaU7WprHuVbITkPQ,0,,false,,140,7,27094
UC-13yAqBYjnxavqRIjE9Lwg,6,,false,,403,51,49791
,,,,,,,
,,,,,,,
,,,,,,,
,,,,,,,
,,,,,,,
,,,,,,,
,,,,,,,
,,,,,,,
CKIbKyb9E58,145,1188,,2722,,,1120465
SRBr9rsC1wA,13,15,,134,,,16281
7BtPqjX-Npk,24,10,,322,,,29315
,,,,,,,
DyrFTJlMm_Y,2,0,,6,,,57
,,,,,,,
pwkstba9VAs,212,270,,2010,,,49563
XaWgXKHVYDg,4,0,,8,,,18
s7HnSB0eQBY,620,42,,1780,,,26088
wHa9q2loiEw,1,0,,2,,,85
oydGBssm60A,19,0,,9,,,40
4l3z_u2VDfE,93,24,,1605,,,33511
UC-16lO3nrX9cgQLCowctMFQ,0,,false,,9716,89,522227
UC-18oPtcVsbme5ua7PpQtRg,0,,false,,3412,15,144349
UC-15znD8dxOrU5ZxkocntaQ,0,,false,,81,19,5628
UC-19tevrTBlHlurnckUlaBA,2,,false,,343,394,91780
UC-19CQg53byv-4C23Do8l1g,0,,false,,595,183,21314
UC-17r1dMuOT1-ajhxc-JOgA,0,,false,,158,34,8000
UC-16HBu_yQfxZ9MnYOTkArA,0,,false,,581,45,77196
UC-17ATr2huWaSLYo73vIGFQ,0,,false,,37352,621,35419147
UC-18f1zPAWaghnMBR7liErw,0,,true,,0,204,1920153
UC-143hAKV1YOyV1M3VD4s1g,0,,false,,291,39,5237
,,,,,,,
,,,,,,,
,,,,,,,
,,,,,,,
,,,,,,,
,,,,,,,
,,,,,,,
,,,,,,,
,,,,,,,
3wKbx5ohpZo,29,1,,77,,,851
jHN5cw1L0q4,0,0,,0,,,25
,,,,,,,
lnqWs_SogrI,0,0,,4,,,61
cwxOHseUccI,5,0,,7,,,123
2205KwC3Ta0,5,2,,2,,,133
EV74kXWOQAI,31,0,,71,,,1203
CR9IHdGOtFA,1,0,,6,,,42
W3yvmGfOurY,3,0,,4,,,21
tAFPK1ut4sM,0,1,,0,,,610
V5Q7lmrZp7E,2,0,,12,,,759
UC-1bbZ48WBL8P8ouFpMz4mg,0,,false,,1260,10,647197
UC-1cB2BOEEycdPSphDMdgvA,0,,false,,24,3,109
UC-1c7ebjoZoh1yTM6qL3R7g,0,,false,,89039,73,4606947
UC-1AILnDBKsenN-2awbwBzw,27,,false,,23252,98,1565081
UC-1c-OPjvfTLONu7AdOiEwQ,0,,false,,1407,101,25043
UC-1b68IqqLeRA6wl8N9M74Q,0,,false,,650,77,30113
UC-1b52dI6MuR5BNLQj2FvFg,25,,false,,115117,525,4669170
UC-1avDdQJdFdFNq-ymPxG0w,0,,false,,19380,0,0
UC-1AK7HzBjfUc8RyGMjZkIQ,0,,false,,5625,19,1990833
UC-1Ah7LUQ7nwBmz_Qk2WQaQ,0,,false,,2526,59,67822
,,,,,,,
,,,,,,,
,,,,,,,
,,,,,,,
dg461H3eHhY,0,0,,1,,,24
scuEEqdklAw,13,0,,28,,,118
,,,,,,,
,,,,,,,
,,,,,,,
,,,,,,,
,,,,,,,
yn4gHhfi5GY,0,0,,1,,,153
,,,,,,,
d-9J6owhGyo,13,2,,166,,,2479
4mGE_EIksfI,40,5,,375,,,26988
FApmOMSWt9M,8,0,,11,,,129
M0Hyk4g7dnw,213,32,,5363,,,148252
0mcZ4TfxOYA,14,5,,13,,,88
kDLYwcDDaKk,16,3,,24,,,254
UC-1F7DZmxTd1YZUJZUsA0nw,0,,false,,28158,22397,10257271
UC-1eF8mccA1_1HeDD1BfJxQ,1,,false,,1305,183,50954
UC-1eZ9zR6PhB2PMbmh1KT-Q,80,,false,,55914,132,6295001
UC-1CYeAvAICKtoog5JjVBSA,0,,true,,0,347,34964696
UC-1e939Y2MgmPcaMAF1MJLQ,46,,false,,26490,173,2814317
UC-1dEaysCaLWLo92C-ZfAig,0,,false,,386,59,3606
UC-1e6ERATcbj3OaN9zfqP3A,0,,true,,0,14,875
UC-1FA0_-C08ItJkS7THJSiA,0,,false,,2900,337,1286781
UC-1E_xpDNHIO32qVhSo4ECw,0,,false,,108,1,0
UC-1eL4gpy7deqE3pyDD0PzA,0,,false,,403,2,400
,,,,,,,
,,,,,,,
,,,,,,,
,,,,,,,
,,,,,,,
,,,,,,,
,,,,,,,
LYxeGun2CRQ,11,4,,9,,,404
,,,,,,,
,,,,,,,
,,,,,,,
CEADrNczD60,0,0,,0,,,63
SOIP0FcTvNc,33,2,,46,,,344
LWGIslUBYT4,16,7,,10,,,315
RwWkcrh8c4o,63,2,,58,,,207
_xn9MqQUcgA,42,1,,62,,,943
yk8lnZKZOc0,38,2,,235,,,3125
ItRklvTU5Ho,0,0,,0,,,79
gZmBw6zYLMs,3,2,,339,,,4589
UC-1FL_P4j5nYkRAn1lmshrA,0,,false,,235873,505,79309035
UC-1Hd_LdAj766JDS_ILKEig,0,,false,,2768,353,1659100
UC-1GWTV0laLO4XVTGAf2FvQ,0,,false,,2962,282,211110
UC-1hfTqxI35vTbZ6IjqRgXA,0,,false,,6230,240,6141758
UC-1fjj2waZ5xXKR90EtsgAA,0,,false,,285,9,66026
UC-1h6M17BzrcSfFqzaoXflg,0,,false,,1398,21,27511
UC-1gSrrFUPsuYKyWwrhmzKw,0,,false,,1667,964,771534
UC-1gdMFSBJ35fJfuUrg_0aw,0,,false,,1695,75,394618
UC-1haYCExpH9FA5oYMjzpfw,0,,false,,14931,3,4482371
UC-1FhqxA7zOPVG4fl2qBs_A,0,,false,,13828,491,1362946
,,,,,,,
,,,,,,,
,,,,,,,
,,,,,,,
,,,,,,,
,,,,,,,
,,,,,,,
ObUGdX1UVG8,12,0,,16,,,186
JkdLxyXxJhE,48,245,,559,,,553555
,,,,,,,
,,,,,,,
,,,,,,,
nffKBYtB2Gw,1,0,,11,,,327
VHSf55XCAR4,9,0,,13,,,195
WyOPJcQwvn0,3,0,,55,,,7469
nSKaR_UZ1Zk,2,1,,7,,,140
M45shvZpuN0,0,0,,0,,,131
BgnxnggRkb0,42,2,,32,,,336
joyYtTHbNmc,328,30,,1205,,,22666
Q2832vIFvJI,1,5,,74,,,885
UC-1hQmfepCvrYxdqWvYgFnA,0,,false,,751,95,45407
UC-1L0rfUYY_gRmE8vIBIzJw,0,,false,,47813,48,30651893
UC-1iMd_m6fjKtuS_sAUFjnA,0,,false,,104,15,2778
UC-1Jy5OST4FoixzJO9UUrxw,0,,false,,44,48,621
UC-1kpTOC-23yYf2cCsfRTyg,2,,false,,196,41,11389
UC-1JFgCgtQyYLlKt2mmKy0g,0,,false,,162660,70,50865412
UC-1J6F7uUi1Oc5mlbTBhxZQ,0,,false,,16526,1726,13083623
UC-1hGwWsdzfHzoCOzSOn0fw,0,,false,,1561,62,134645
UC-1jA_wIWqLaEqPZeaHZAAQ,418,,false,,6456,159,4624072
UC-1hL5PWR_ODuK6Sf4bLOPQ,0,,false,,1021,62,20900
,,,,,,,
,,,,,,,
,,,,,,,
,,,,,,,
,,,,,,,
,,,,,,,
,,,,,,,
,,,,,,,
,,,,,,,
,,,,,,,
EWpICw8pPkU,5,0,,19,,,92
TVB17Xwc7mQ,0,0,,0,,,23
aBbGEQy2sJw,47,0,,56,,,191
2Q4EUMxQrCM,1,0,,5,,,26
dAia_Y9xYyg,5,3,,19,,,823
sabbMeZ21Xo,0,0,,5,,,71
Az5S7BxR0ys,18,4,,69,,,17209
n83H2WbgTYA,26,1,,60,,,992
LnzyG2jYuFw,39,4,,253,,,10314
LC1GqHohcus,173,78,,1102,,,34457
UC-1M9c5eeZ64PnuXFymsB9w,3158,,false,,18642,219,1897819
UC-1nFDK2XLiRhWnBatlgNFw,60,,false,,55404,139,4716258
UC-1lGHtzh2Mw-_vD84nh4Bw,0,,false,,7359,113,643478
UC-1pADhAUignVbTbVCW4Uuw,0,,false,,12206,263,619616
UC-1PF1Ey9hOZln3xaInRAfA,0,,false,,2574,681,336454
UC-1MRSi6rTm79dzg6TmgSYA,0,,false,,685,102,65048
UC-1NoK5zIvTbK6NMEou4daQ,0,,false,,5,20,66
UC-1P0ARTsHoeH6qwg9RAxpw,0,,false,,7267,837,906166
UC-1NM3cvV1THARV0USFLoww,0,,false,,359,36,15717
UC-1nyHi2btOf7d40VJrPl_A,0,,false,,2728,222,1736043
,,,,,,,
,,,,,,,
,,,,,,,
,,,,,,,
,,,,,,,
,,,,,,,
fXADivC6QME,0,0,,0,,,3
,,,,,,,
,,,,,,,
,,,,,,,
ZCA4T9xYNes,18,0,,15,,,146
,,,,,,,
Ws9JwWIcVas,1,0,,18,,,231
xVcdUhSybZg,,,,,,,1367
XeS3I-TNH-k,56,0,,19,,,117
qa_jbYL0JgI,210,4,,346,,,2266
WXgvmok3hs4,23,17,,226,,,34094
NNMWL_pSmSo,2,0,,24,,,306
A7Iq_QBorQs,2,0,,2,,,19
hoijdL3EVxw,4,0,,4,,,76
UC-1qSCCBfTugeRCJFk46UuA,0,,false,,5147,269,832679
UC-1rx8j9Ggp8mp4uD0ZdEIA,110,,false,,1114544,3585,366167609
UC-1Pu0GuWbCJTe7N00Co3vw,0,,false,,6211,227,1279904
UC-1quII4jxtOfT1cYRjibRg,89,,false,,4539,288,9602764
UC-1RO1jLPvtpJsEwiEoPJRg,0,,false,,168,29,2752
UC-1ry6Cr9Eoab7S7VaHY1bA,0,,false,,430,92,84221
UC-1qLFUa4sqH-BP2c_Wj-Yg,0,,false,,2667,55,172865
UC-1pNLmYjK645iSMJazC8cQ,0,,false,,498,34,7064
UC-1rKYZ2h1MvmI50aJTZP5w,3,,false,,23254,288,10765952
UC-1pfuYOUKnYPrIUrcZh2XQ,4,,false,,227,143,114263
,,,,,,,
,,,,,,,
,,,,,,,
,,,,,,,
,,,,,,,
,,,,,,,
,,,,,,,
,,,,,,,
,,,,,,,
,,,,,,,
8r1lsBncYTY,14,0,,18,,,137
F_HESYfdsfU,12,0,,13,,,45
St6wqQZkTJU,0,0,,1,,,32
kH3PrDaU8F4,90,5,,120,,,2591
kxqEzlKL5Lw,13,0,,22,,,157
oU9z5KFC4PM,12,0,,19,,,1150
fuOXPeOP8zM,5,0,,8,,,160
TWoxVpMYyqo,5,0,,79,,,2172
Pb7P6kUyxBQ,2,0,,33,,,621
9hx6qm4PjjA,42,9,,371,,,2660
